playerId,names,age,shots,goals,expectedgoals,xGdifference,headers,preferred_foot,unpreferred_foot
120353,Mohamed Salah,26,136,31,17.5487,13.4513,2,24,5
8717,H. Kane,25,162,27,22.4653,4.5347,6,11,10
3359,L. Messi,31,142,26,17.4100,8.5900,0,24,2
7972,L. Su\u00e1rez,31,103,24,19.0805,4.9195,2,18,4
21174,E. Cavani,31,93,24,17.0683,6.9317,4,17,3
3322,Cristiano Ronaldo,33,151,23,22.3887,0.6113,5,11,7
206314,M. Icardi,25,87,23,15.1341,7.8659,4,16,3
14817,R. Lewandowski,30,106,23,19.2394,3.7606,5,12,6
21384,C. Immobile,28,102,22,13.1112,8.8888,5,15,2
25770,F. Thauvin,25,112,19,12.9095,6.0905,4,12,3
3840,Iago Aspas,31,85,19,12.5437,6.4563,3,10,6
25867,P. Aubameyang,29,73,19,14.1931,4.8069,2,11,6
395636,Maxi G\u00f3mez,22,77,18,13.3853,4.6147,10,8,0
8325,S. Ag\u00fcero,30,86,17,12.9074,4.0926,5,11,1
5167,Mariano D\u00edaz,25,85,17,12.8298,4.1702,3,12,2
11066,R. Sterling,24,79,17,14.3078,2.6922,0,10,7
89186,P. Dybala,25,87,16,6.9669,9.0331,0,12,4
3714,C. Stuani,32,64,16,11.6579,4.3421,10,5,1
7905,R. Lukaku,25,76,16,13.6184,2.3816,3,11,2
8327,E. D\u017eeko,32,144,16,18.7987,-2.7987,5,3,8
3682,A. Griezmann,27,58,16,7.6264,8.3736,1,9,6
25410,A. Pl\u00e9a,25,100,15,11.1878,3.8122,1,12,2
5400,Gerard Moreno,26,96,15,14.0565,0.9435,1,11,3
70129,Rodrigo,27,82,15,10.1563,4.8437,5,9,1
135913,Rony Lopes,23,64,15,7.2450,7.7550,0,11,4
3450,R. Falcao,32,57,15,8.7055,6.2945,5,7,3
8278,G. Bale,29,66,15,8.9016,6.0984,1,12,2
25716,N. Roux,30,78,15,8.9285,6.0715,8,7,0
12829,J. Vardy,31,60,15,10.5713,4.4287,3,6,6
3323,G. Higua\u00edn,31,95,15,10.1590,4.8410,2,8,5
118,M. Depay,24,82,15,9.5799,5.4201,1,11,3
26638,K. Toko Ekambi,26,95,14,12.4195,1.5805,2,8,4
15292,M. Uth,27,57,14,9.0076,4.9924,1,7,6
37831,C. Bacca,32,72,14,10.2488,3.7512,1,13,0
15231,K. Volland,26,51,14,7.4869,6.5131,0,11,3
15808,Roberto Firmino,27,79,14,8.5134,5.4866,3,9,2
269152,G. Simeone,23,100,14,14.3890,-0.3890,4,6,4
353833,K. Mbapp\u00e9,20,75,13,11.2865,1.7135,0,8,5
3802,Philippe Coutinho,26,79,13,5.3911,7.6089,1,12,0
340386,Gabriel Jesus,21,53,13,10.2629,2.7371,3,7,3
122,D. Mertens,31,102,13,10.3820,2.6180,0,9,4
22202,S. Zaza,27,63,13,8.2395,4.7605,2,10,1
4131,\u00c1ngel,31,65,13,7.9519,5.0481,2,11,0
40810,Neymar,26,70,13,9.2857,3.7143,0,5,8
25413,A. Lacazette,27,63,12,10.2271,1.7729,1,9,2
265865,S. Milinkovi\u0107-Savi\u0107,23,86,12,7.2291,4.7709,3,7,2
355599,Mikel Oyarzabal,21,57,12,6.3052,5.6948,0,10,2
247671,N. P\u00e9p\u00e9,23,59,12,5.3667,6.6333,2,1,9
333913,K. Lasagna,26,66,12,10.8590,1.1410,1,9,2
40770,Willian Jos\u00e9,27,71,12,7.9550,4.0450,5,3,4
20479,F. Quagliarella,35,97,12,10.9961,1.0039,1,8,3
8148,Iago Falqu\u00e9,28,66,12,7.5270,4.4730,1,8,3
28115,N. Fekir,25,69,12,7.5380,4.4620,0,10,2
65180,M. Gregoritsch,24,78,12,9.4187,2.5813,2,6,4
14911,Son Heung-Min,26,70,12,7.2676,4.7324,2,5,5
142755,B. Traor\u00e9,23,73,12,9.5675,2.4325,1,9,2
14705,N. F\u00fcllkrug,25,73,11,9.6381,1.3619,3,5,3
15085,S. Wagner,31,49,11,7.9254,3.0746,6,1,4
250885,Santi Mina,23,41,11,8.1376,2.8624,5,4,2
14703,M. Arnautovi\u0107,29,67,11,10.6220,0.3780,0,6,5
256084,Kwon Chang-Hoon,24,62,11,5.5213,5.4787,1,10,0
26150,R. Mahrez,27,62,11,5.5385,5.4615,1,9,1
173214,T. Werner,22,83,11,11.5002,-0.5002,1,8,2
3324,\u00c1lvaro Morata,26,74,11,10.5896,0.4104,7,3,1
86243,D. Zapata,27,51,11,8.1555,2.8445,2,5,4
7904,S. Kalou,33,46,11,8.2215,2.7785,5,5,1
3314,\u00c1. di Mar\u00eda,30,91,11,9.4998,1.5002,1,10,0
14812,I. Peri\u0161i\u0107,29,112,11,9.0807,1.9193,2,4,5
22933,L. Pavoletti,30,73,11,13.1879,-2.1879,9,1,1
21438,R. Inglese,27,70,11,9.0057,1.9943,5,4,2
64995,G. Burgstaller,29,48,11,7.1035,3.8965,2,7,2
97582,M. Konat\u00e9,25,61,11,8.3851,2.6149,4,5,2
8326,M. Balotelli,28,76,11,9.2055,1.7945,2,7,2
5268,Sergio Le\u00f3n,29,56,11,7.6187,3.3813,2,6,3
3287,Portu,26,43,11,7.1872,3.8128,1,8,2
14734,N. Petersen,30,54,10,7.1885,2.8115,2,6,2
245364,L. San\u00e9,22,48,10,4.0988,5.9012,0,10,0
54,C. Eriksen,26,80,10,6.1667,3.8333,0,4,6
9206,C. Wood,27,38,10,7.2684,2.7316,3,5,2
300485,Malcom,21,57,10,5.5286,4.4714,0,8,2
134397,S. Gnabry,23,46,10,5.1353,4.8647,0,8,2
14945,G. Sio,29,70,10,9.7968,0.2032,0,6,4
351010,P. Cutrone,20,42,10,8.5046,1.4954,3,4,3
25747,S. Man\u00e9,26,67,10,9.1311,0.8689,0,7,3
25707,E. Hazard,27,62,10,5.9315,4.0685,0,6,4
21234,A. Belotti,25,79,10,12.6740,-2.6740,0,8,2
37948,A. Finnbogason,29,46,9,6.9737,2.0263,3,4,2
27354,J\u00falio Tavares,30,47,9,5.8320,3.1680,2,6,1
86338,L. Ocampos,24,58,9,9.8491,-0.8491,2,5,2
278278,Munir,23,52,9,7.4942,1.5058,2,6,1
13484,D. Alli,22,70,9,8.6961,0.3039,0,6,3
3451,Adri\u00e1n L\u00f3pez,30,54,9,8.2067,0.7933,3,5,1
93331,K. Mitroglou,30,39,9,7.6165,1.3835,3,5,1
20820,J. Ili\u010di\u0107,30,78,9,7.1974,1.8026,0,7,2
14760,M. Harnik,31,46,9,8.4704,0.5296,2,6,1
8317,David Silva,32,51,9,7.0929,1.9071,0,9,0
3318,S. Khedira,31,28,9,3.4763,5.5237,1,8,0
388267,L. Bailey,21,64,9,6.0348,2.9652,0,9,0
19392,M. Philipp,24,40,9,4.4984,4.5016,1,4,4
8422,W. Zaha,26,67,9,8.2655,0.7345,1,7,1
149054,W. Sa\u00efd,23,45,9,4.0711,4.9289,1,6,2
25795,W. Ben Yedder,28,45,9,8.4388,0.5612,0,2,7
134494,V. Germain,28,51,9,7.6828,1.3172,3,6,0
134399,D. Selke,23,44,9,6.3009,2.6991,0,7,2
146583,J. Brandt,22,42,9,5.0168,3.9832,1,5,3
69411,A. Kramari\u0107,27,72,9,7.9841,1.0159,2,6,1
14731,M. G\u00f3mez,33,52,9,7.9466,1.0534,1,6,2
20404,B. Cristante,23,68,9,8.1603,0.8397,3,5,1
40550,Paulinho,30,44,9,8.7069,0.2931,1,8,0
38093,M. Batshuayi,25,42,9,6.6248,2.3752,1,4,4
9123,A. Barnes,29,55,9,7.4884,1.5116,1,7,1
208696,M. Politano,25,89,9,7.5289,1.4711,0,5,4
14732,T. M\u00fcller,29,42,8,5.5325,2.4675,0,5,3
25605,E. Sala,28,80,8,11.8242,-3.8242,4,4,0
276983,I. Mbenza,22,46,8,5.0433,2.9567,0,8,0
3484,Luis Alberto,26,66,8,5.0439,2.9561,0,8,0
7941,J. Hern\u00e1ndez,30,27,8,4.4961,3.5039,2,5,1
254408,\u00c1. Correa,23,45,8,4.2850,3.7150,0,8,0
25601,C. Diabat\u00e9,30,16,8,3.6209,4.3791,2,6,0
20845,G. Bonaventura,29,58,8,4.5130,3.4870,3,5,0
86489,L. Alario,26,49,8,8.3912,-0.3912,0,5,3
256480,B. Keita,23,31,8,4.2756,3.7244,0,5,3
7934,J. Lingard,26,55,8,6.6548,1.3452,1,7,0
11669,C. Wilson,26,45,8,7.1377,0.8623,2,5,1
209086,M. Sanson,24,52,8,4.5980,3.4020,0,6,2
279780,J. Augustin,21,34,8,4.9370,3.0630,0,8,0
15107,Raffael,33,45,8,5.2769,2.7231,0,7,1
145692,O. Niasse,28,37,8,7.3912,0.6088,1,5,2
225946,A. Sanabria,22,20,8,3.0717,4.9283,4,2,2
134513,A. Martial,23,47,8,6.8443,1.1557,1,6,1
25472,C. Bakambu,27,29,8,3.8597,4.1403,0,6,2
3361,A. S\u00e1nchez,30,69,8,7.7360,0.2640,1,6,1
3874,Kike Garc\u00eda,29,65,8,9.3153,-1.3153,1,1,6
7623,L\u00e9o Baptist\u00e3o,25,67,8,8.1885,-0.1885,2,5,1
20948,S. Joveti\u0107,29,34,8,5.5216,2.4784,1,7,0
258264,L. Jovi\u0107,21,35,8,7.4427,0.5573,2,2,4
3313,Jos\u00e9 Callej\u00f3n,31,61,8,7.1346,0.8654,2,3,3
94764,Y. Muto,26,37,8,5.4821,2.5179,2,2,4
25411,J. Briand,33,65,8,7.3731,0.6269,1,3,4
230883,Ayoze P\u00e9rez,25,54,8,7.3685,0.6315,0,8,0
8416,G. Murray,35,44,8,7.2136,0.7864,3,3,2
214654,S. Mouni\u00e9,24,48,8,6.4815,1.5185,4,2,2
15129,D. Didavi,28,48,8,4.7140,3.2860,2,5,1
3576,Juanmi,25,36,8,5.4226,2.5774,1,7,0
72397,Simy,26,30,7,5.0786,1.9214,2,3,2
247141,I\u00f1aki Williams,24,71,7,8.8340,-1.8340,1,6,0
49872,X. Shaqiri,27,58,7,3.8201,3.1799,1,5,1
385273,Charles,34,39,7,5.1676,1.8324,3,3,1
6165,F. Andone,25,47,7,7.4035,-0.4035,3,4,0
21385,L. Insigne,27,167,7,12.6342,-5.6342,0,6,1
21171,M. Ham\u0161\u00edk,31,83,7,6.8333,0.1667,0,3,4
3577,S. Rond\u00f3n,29,78,7,7.7237,-0.7237,2,1,4
7870,A. Ramsey,28,52,7,6.0310,0.9690,0,6,1
397178,M. Rashford,21,54,7,4.8009,2.1991,2,5,0
28292,A. Doucour\u00e9,25,44,7,3.6393,3.3607,2,5,0
3503,Ra\u00fal Garc\u00eda,32,72,7,8.7438,-1.7438,3,2,2
25673,S. Bahoken,26,39,7,4.8085,2.1915,1,4,2
20418,S. El Shaarawy,26,74,7,10.3325,-3.3325,0,6,1
350032,C. \u00dcnder,21,46,7,5.4726,1.5274,0,7,0
25577,L. R\u00e9my,31,41,7,4.1775,2.8225,0,6,1
25999,R. Cabella,28,52,7,6.1301,0.8699,0,7,0
26010,O. Giroud,32,42,7,5.7866,1.2134,4,3,0
25512,S. Haller,24,35,7,6.5599,0.4401,0,7,0
20661,A. Paloschi,28,26,7,5.6337,1.3663,2,4,1
265172,A. Bar\u00e1k,24,37,7,3.6198,3.3802,0,6,1
364820,Loren Mor\u00f3n,25,28,7,3.9058,3.0942,1,6,0
26389,Y. Sankhar\u00e9,29,37,7,4.9028,2.0972,2,2,3
334552,F. Kamano,22,61,7,5.5422,1.4578,1,6,0
15024,M. Reus,29,28,7,3.8436,3.1564,1,4,2
7944,W. Rooney,33,35,7,3.8114,3.1886,2,4,1
225089,Jos\u00e9 Luis Morales,31,60,7,6.0388,0.9612,0,3,4
20764,L. Muriel,27,53,7,6.7854,0.2146,1,5,1
28123,C. N'Jie,25,32,7,4.1395,2.8605,1,6,0
30437,F. Mollet,27,34,6,3.9524,2.0476,0,2,4
134708,D. Origi,23,62,6,8.2025,-2.2025,1,3,2
265673,Bernardo Silva,24,23,6,3.4729,2.5271,0,5,1
69513,A. Budimir,27,32,6,5.6342,0.3658,1,4,1
274435,E. \u00dcnal,21,37,6,5.1996,0.8004,2,1,3
134174,Samu Castillejo,23,53,6,4.1579,1.8421,0,5,1
8958,J. Rodriguez,29,66,6,7.6986,-1.6986,2,4,0
3290,Aduriz,37,51,6,6.2088,-0.2088,3,3,0
219350,A. Niane,25,67,6,9.5730,-3.5730,0,5,1
8953,C. Austin,29,45,6,7.0697,-1.0697,3,3,0
20475,A. Vidal,31,44,6,3.9902,2.0098,3,2,1
25571,J. Ayew,27,58,6,6.0234,-0.0234,1,3,2
15526,P. Gro\u00df,27,39,6,2.9811,3.0189,1,4,1
20796,M. Destro,27,34,6,6.6068,-0.6068,2,2,2
25776,W. Khazri,27,48,6,3.9361,2.0639,0,6,0
397046,H. Aouar,20,48,6,4.2412,1.7588,0,5,1
382,Suk Hyun-Jun,27,27,6,5.0742,0.9258,2,3,1
228981,B. Bourigeaud,24,45,6,5.4430,0.5570,1,5,0
20402,K. Boateng,31,38,6,5.0514,0.9486,0,2,4
130,S. de Vrij,26,12,6,2.0997,3.9003,4,2,0
3563,Isco,26,45,6,4.3865,1.6135,0,5,1
16025,M. Kruse,30,52,6,4.5675,1.4325,0,5,1
14763,S. Okazaki,32,26,6,6.4002,-0.4002,1,5,0
209091,C. Tolisso,24,41,6,4.3416,1.6584,3,3,0
16094,S. Terodde,30,40,6,6.4896,-0.4896,3,1,2
38377,L. Depoitre,30,20,6,2.7456,3.2544,2,3,1
69616,A. Rebi\u0107,25,37,6,3.8489,2.1511,0,5,1
14845,D. Ginczek,27,39,6,5.6554,0.3446,1,3,2
264989,F. Mubele,24,40,6,6.4161,-0.4161,0,3,3
3676,Illarramendi,28,31,6,2.4567,3.5433,0,5,1
9637,J. King,26,46,6,6.3164,-0.3164,0,4,2
338201,E. Boateng,22,35,6,5.7430,0.2570,0,4,2
15051,L. Stindl,30,71,6,6.6676,-0.6676,0,5,1
15054,M. Diouf,31,53,6,7.3390,-1.3390,1,2,3
3423,Ibai G\u00f3mez,29,41,6,3.5900,2.4100,0,5,1
14689,Naldo,36,34,6,3.4275,2.5725,5,1,0
12536,D. Gayle,28,49,6,8.3612,-2.3612,1,3,2
447804,F. Chiesa,21,104,6,7.6816,-1.6816,0,5,1
14864,L. Holtby,28,20,6,3.3332,2.6668,2,4,0
21114,M. Antenucci,34,56,6,4.4874,1.5126,0,5,1
105376,N. Kalini\u0107,30,48,6,8.9404,-2.9404,1,3,2
20941,A. Ljaji\u0107,27,46,6,4.8854,1.1146,0,6,0
15004,I. Santini,29,77,6,9.4847,-3.4847,3,0,3
70096,J. Rodr\u00edguez,27,36,6,3.5135,2.4865,0,6,0
7936,P. Pogba,25,70,6,6.7319,-0.7319,1,5,0
85438,R. Beri\u010d,27,20,6,3.8330,2.1670,2,2,2
25517,Y. Sanogo,25,49,6,7.9189,-1.9189,1,4,1
38021,K. De Bruyne,27,74,5,4.0024,0.9976,0,1,4
8747,P. Crouch,37,21,5,4.0124,0.9876,3,1,1
11063,Suso,25,83,5,3.4662,1.5338,0,5,0
32636,C. Tosun,27,18,5,2.8366,2.1634,2,2,1
26100,N. Sliti,26,46,5,2.8166,2.1834,0,1,4
49991,R. Freuler,26,44,5,5.6698,-0.6698,1,2,2
10663,A. Gray,27,34,5,4.9784,0.0216,2,3,0
14727,A. Robben,34,43,5,3.6769,1.3231,0,4,1
250134,Luiz Ara\u00fajo,22,50,5,4.0453,0.9547,0,3,2
8623,J. McArthur,31,29,5,3.8078,1.1922,0,2,3
25445,K. Gameiro,31,18,5,3.6489,1.3511,0,4,1
247207,Joan Jord\u00e1n,24,33,5,2.6645,2.3355,1,2,2
366546,L. Mothiba,22,20,5,3.5300,1.4700,2,1,2
14726,F. Rib\u00e9ry,35,20,5,1.7551,3.2449,0,5,0
25715,R. Rodelin,29,93,5,8.4496,-3.4496,0,3,2
377071,Richarlison,21,90,5,10.4472,-5.4472,1,2,2
25726,K. Koulibaly,27,15,5,2.4806,2.5194,3,2,0
40756,Casemiro,26,29,5,2.5707,2.4293,2,2,1
25923,N. de Pr\u00e9ville,27,59,5,5.0010,-0.0010,1,2,2
41174,M. Lanzini,25,36,5,3.5645,1.4355,0,4,1
14723,T. Kroos,28,40,5,2.7365,2.2635,0,3,2
25889,R. Hamouma,31,39,5,5.2096,-0.2096,0,3,2
14722,Luiz Gustavo,31,54,5,3.6336,1.3664,0,4,1
7908,Fernando Torres,34,29,5,4.5737,0.4263,0,4,1
22380,M. Benassi,24,71,5,5.0052,-0.0052,0,4,1
11156,M. Trotta,26,62,5,5.8925,-0.8925,0,5,0
8032,Marcos Alonso,28,50,5,4.4338,0.5662,2,2,1
7945,D. Welbeck,28,30,5,4.9054,0.0946,2,2,1
25939,M. Diallo,32,34,5,4.2215,0.7785,3,2,0
16432,Caiuby,30,67,5,5.2715,-0.2715,3,0,2
25622,T. Hazard,25,76,5,8.4355,-3.4355,0,3,2
237034,Gon\u00e7alo Guedes,22,59,5,3.1024,1.8976,0,5,0
328131,C. Akolo,23,28,5,3.9340,1.0660,1,3,1
14816,S. Kagawa,29,23,5,4.5861,0.4139,1,4,0
14836,T. Inui,30,60,5,4.5768,0.4232,0,3,2
20593,R. Pereyra,27,32,5,3.6409,1.3591,0,5,0
21123,S. Verdi,26,64,5,5.2918,-0.2918,0,3,2
99452,A. Milik,24,22,5,3.5071,1.4929,2,2,1
15200,\u00c1. Szalai,31,26,5,3.7549,1.2451,0,5,0
15198,E. Choupo-Moting,29,59,5,6.7210,-1.7210,1,1,3
288091,Marco Asensio,22,51,5,4.7665,0.2335,1,4,0
20927,L. De Silvestri,30,23,5,3.8005,1.1995,4,1,0
15191,Y. Mall\u0131,26,49,5,4.7458,0.2542,1,4,0
406682,A. Lookman,20,14,5,2.1939,2.8061,0,4,1
116283,D. Rol\u00e1n,25,33,5,5.2265,-0.2265,0,5,0
105541,Lucas P\u00e9rez,30,43,5,6.0070,-1.0070,1,4,0
448079,I. Sarr,20,37,5,4.2243,0.7757,1,4,0
14943,M. Mand\u017euki\u0107,32,44,5,5.8487,-0.8487,2,2,1
229124,A. Hunou,24,24,5,3.5932,1.4068,0,4,1
105339,Fernandinho,33,48,5,3.1148,1.8852,0,3,2
3560,Nacho Monreal,32,21,5,2.2399,2.7601,1,3,1
14991,M. Ginter,24,24,5,2.9397,2.0603,0,5,0
105333,Willian,30,47,5,4.1838,0.8162,1,4,0
91381,J. Izquierdo,26,53,5,4.5677,0.4323,0,5,0
224680,M. Wolf,23,29,5,2.3424,2.6576,0,5,0
224801,I. Bebou,24,48,5,4.9227,0.0773,1,2,2
15020,M. Leckie,27,22,5,1.8001,3.1999,0,2,3
20525,J. Obi,27,15,5,4.0831,0.9169,1,2,2
99511,M. St\u0119pi\u0144ski,23,18,5,2.4160,2.5840,0,5,0
383,D. Tadi\u0107,30,36,5,3.9417,1.0583,0,5,0
14762,V. Ibi\u0161evi\u0107,34,32,5,7.1389,-2.1389,1,3,1
141172,J. Aholou,24,35,5,2.8299,2.1701,0,4,1
454,P. van Aanholt,28,29,5,2.6698,2.3302,0,3,2
62224,R. Fraser,24,30,5,2.2472,2.7528,0,4,1
215130,Nuno Da Costa,27,28,5,3.9304,1.0696,3,2,0
240042,D. Kownacki,21,21,5,3.4198,1.5802,0,2,3
15524,H. \u00c7alhano\u011flu,24,75,5,5.4230,-0.4230,0,4,1
209028,A. Thomasson,25,52,5,4.4768,0.5232,0,4,1
4015,Pablo Sarabia,26,53,5,5.4134,-0.4134,0,2,3
15317,L. Bittencourt,25,30,5,3.1854,1.8146,1,3,1
4360,Juanpe,27,17,5,2.0460,2.9540,4,0,1
21177,G. Pandev,35,42,5,4.9614,0.0386,0,3,2
343951,T. Abraham,21,39,5,6.2704,-1.2704,1,4,0
21376,G. Caprari,25,61,5,7.3391,-2.3391,1,2,2
25714,D. Payet,31,42,4,3.6177,0.3823,0,4,0
26115,S. San\u00e9,28,25,4,2.5006,1.4994,3,1,0
26124,B. Jeannot,26,24,4,3.6208,0.3792,0,3,1
138408,M. \u0160kriniar,23,19,4,3.7582,0.2418,2,2,0
447821,Y. En-Nesyri,21,40,4,4.0635,-0.0635,0,2,2
3291,Paco Alc\u00e1cer,25,16,4,2.3999,1.6001,0,3,1
25440,J. Pastore,29,23,4,2.2273,1.7727,0,4,0
105334,Douglas Costa,28,33,4,2.8401,1.1599,0,2,2
26327,I. Saadi,26,29,4,3.9736,0.0264,1,2,1
3360,Pedro,31,54,4,3.9991,0.0009,0,4,0
26384,G. Kakuta,27,42,4,2.5194,1.4806,1,3,0
209209,F. Tait,25,55,4,3.9707,0.0293,1,2,1
26399,D. Da Silva,30,17,4,3.0745,0.9255,4,0,0
25623,G. Kondogbia,25,26,4,1.8436,2.1564,1,3,0
26610,D. Sakho,29,28,4,5.1293,-1.1293,1,3,0
99902,P. Zieli\u0144ski,24,39,4,2.2789,1.7211,0,1,3
4498,Lucas V\u00e1zquez,27,34,4,4.5417,-0.5417,1,2,1
25700,M. Debuchy,33,17,4,2.7865,1.2135,0,1,3
116171,Jo\u00e3o Pedro,26,32,4,3.1824,0.8176,1,2,1
3358,Cristian Tello,27,32,4,2.0823,1.9177,0,2,2
325781,J. Lea Siliki,22,31,4,2.3271,1.6729,0,3,1
289711,N. Ke\u00efta,23,40,4,3.1587,0.8413,0,2,2
25860,M. Gradel,31,55,4,4.4622,-0.4622,0,2,2
3282,Canales,27,58,4,3.1710,0.8290,0,2,2
354547,J. Jankto,22,58,4,4.3930,-0.3930,0,2,2
25541,J. Veretout,25,49,4,2.1972,1.8028,0,1,3
3319,M. \u00d6zil,30,33,4,3.2830,0.7170,1,3,0
347200,C. Nkunku,21,20,4,2.6357,1.3643,0,3,1
8296,J. Defoe,36,26,4,4.4176,-0.4176,0,4,0
274970,A. Mendy,24,25,4,4.2239,-0.2239,1,3,0
293687,D. Calvert-Lewin,21,38,4,5.5574,-1.5574,2,1,1
105378,Y. Konoplyanka,29,54,4,4.0720,-0.0720,0,3,1
356237,G. Lo Celso,22,38,4,3.0257,0.9743,1,3,0
127796,F. Kosti\u0107,26,57,4,5.5425,-1.5425,2,0,2
3327,Joselu,28,46,4,6.3157,-2.3157,0,4,0
275243,S. Khaoui,23,49,4,3.6613,0.3387,0,4,0
8249,M. Fellaini,31,8,4,2.6267,1.3733,2,2,0
20460,M. C\u00e1ceres,31,18,4,3.0408,0.9592,1,2,1
25745,A. Delort,27,59,4,6.9168,-2.9168,0,3,1
9127,S. Vokes,29,27,4,3.1578,0.8422,2,2,0
208865,Bastos,27,8,4,2.5129,1.4871,0,3,1
25898,M. Niang,24,45,4,4.2031,-0.2031,0,3,1
3425,Muniain,26,17,4,2.5336,1.4664,1,2,1
20879,R. Nainggolan,30,60,4,3.4297,0.5703,0,2,2
43051,Gabriel,25,35,4,4.6687,-0.6687,0,4,0
21350,M. Parolo,33,51,4,5.2618,-1.2618,0,1,3
3674,Markel Bergara,32,14,4,3.2921,0.7079,2,1,1
246175,A. Petagna,23,39,4,4.5960,-0.5960,2,1,1
70084,Alex Sandro,27,17,4,1.6539,2.3461,2,1,1
246946,E. Skhiri,23,36,4,2.4973,1.5027,0,3,1
241945,P. Sisto,23,46,4,3.4035,0.5965,1,3,0
280383,E. Bardhi,23,20,4,1.7382,2.2618,0,3,1
230687,E. Berggreen,25,12,4,1.7378,2.2622,2,2,0
77558,G. Sigur\u00f0sson,29,34,4,2.4131,1.5869,0,4,0
70975,Bruma,24,41,4,3.5763,0.4237,1,3,0
410031,M. Kean,18,34,4,5.1905,-1.1905,0,3,1
37824,T. Meunier,27,11,4,1.1611,2.8389,0,4,0
55968,M. Braithwaite,27,22,4,3.2368,0.7632,2,2,0
21507,D. Baselli,26,32,4,2.9201,1.0799,1,2,1
21077,A. G\u00f3mez,30,88,4,7.8673,-3.8673,1,2,1
14862,J. Draxler,25,22,4,2.7141,1.2859,0,2,2
56274,Y. Poulsen,24,35,4,6.4240,-2.4240,1,2,1
70086,N. Otamendi,30,31,4,4.1611,-0.1611,2,2,0
70125,Nolito,32,35,4,3.4837,0.5163,1,2,1
3443,Koke,26,27,4,2.5154,1.4846,0,4,0
6370,Eraso,28,29,4,3.5963,0.4037,1,2,1
20857,M. Gabbiadini,27,21,4,2.7951,1.2049,0,4,0
20841,A. Masiello,33,21,4,3.4480,0.5520,3,1,0
277629,P. Lees Melou,25,45,4,3.8919,0.1081,0,3,1
50023,J. Drmic,26,16,4,2.1281,1.8719,1,1,2
94831,Y. \u014csako,28,35,4,3.8163,0.1837,1,0,3
20692,I. Belfodil,26,38,4,4.5751,-0.5751,2,2,0
286553,A. El Ghazi,23,49,4,3.7119,0.2881,1,2,1
51013,R. Quaison,25,39,4,4.3568,-0.3568,0,4,0
391530,C. Pulisic,20,37,4,5.2171,-1.2171,0,3,1
20751,J. Cuadrado,30,28,4,2.4181,1.5819,3,0,1
228902,J. Calleri,25,77,4,8.4469,-4.4469,2,1,1
40806,Felipe Anderson,25,25,4,2.0437,1.9563,0,4,0
228946,M. Cornet,22,29,4,2.8950,1.1050,0,3,1
7922,C. Smalling,29,12,4,2.6130,1.3870,2,1,1
5481,Guerrero,28,25,4,3.4128,0.5872,1,3,0
20823,F. V\u00e1zquez,29,55,4,7.1279,-3.1279,1,3,0
3571,Joaqu\u00edn,37,22,4,2.6988,1.3012,1,3,0
86239,G. Carrillo,27,20,4,2.7680,1.2320,4,0,0
21296,R. Palacio,36,30,4,4.4967,-0.4967,1,3,0
40726,Allan,27,38,4,3.1584,0.8416,0,3,1
3605,Jorge Molina,36,52,4,8.1245,-4.1245,0,3,1
22578,N. Sansone,27,10,4,1.3444,2.6556,1,1,2
15719,B. H\u00fcbner,29,19,3,3.5493,-0.5493,3,0,0
21291,V. Birsa,32,43,3,2.3688,0.6312,1,2,0
25572,A. Ayew,29,22,3,3.6923,-0.6923,0,2,1
276944,J. Bamba,22,57,3,4.6916,-1.6916,0,3,0
20443,M. Pjani\u0107,28,34,3,1.6286,1.3714,0,3,0
8833,J. Lascelles,25,12,3,1.5072,1.4928,3,0,0
295761,S. Grandsir,22,46,3,3.7962,-0.7962,1,1,1
15806,J. Vestergaard,26,19,3,1.4965,1.5035,3,0,0
15456,F. Klaus,26,46,3,3.8345,-0.8345,0,2,1
21620,J. Kurti\u010d,29,31,3,3.0589,-0.0589,0,2,1
20414,M. Valoti,25,19,3,2.8608,0.1392,1,1,1
301017,M. Thuram,21,45,3,5.0308,-2.0308,1,1,1
15877,A. Hahn,28,35,3,2.5697,0.4303,0,2,1
21639,L. Ceppitelli,29,9,3,1.3934,1.6066,2,0,1
15942,L. Rupp,27,16,3,2.0471,0.9529,0,3,0
18550,E. Can,24,27,3,1.9324,1.0676,2,1,0
347026,M. Tumminello,20,8,3,1.2481,1.7519,0,2,1
283142,D. Gray,22,33,3,2.1915,0.8085,0,2,1
20503,S. Floccari,37,20,3,3.8357,-0.8357,0,2,1
340920,L. Blas,21,38,3,3.6123,-0.6123,0,3,0
15069,W. Orban,26,9,3,1.5188,1.4812,2,1,0
10252,S. Clucas,28,20,3,2.0621,0.9379,0,2,1
276211,A. Saint-Maximin,21,35,3,2.7390,0.2610,0,2,1
286390,O. Demb\u00e9l\u00e9,21,20,3,2.4650,0.5350,0,3,0
25437,B. Matuidi,31,23,3,2.0942,0.9058,0,3,0
14989,D. Caligiuri,30,30,3,1.7192,1.2808,0,2,1
25457,J. Roussillon,25,19,3,1.0398,1.9602,0,2,1
346195,Fabi\u00e1n,22,38,3,1.6014,1.3986,0,3,0
9227,M. Ritchie,29,50,3,2.6829,0.3171,0,2,1
344140,A. Ndiaye,22,40,3,4.4000,-1.4000,0,3,0
286380,I. Diop,21,15,3,1.9363,1.0637,1,1,1
286223,N. Barella,21,31,3,1.4350,1.5650,0,2,1
20653,P. Hetemaj,32,27,3,2.9567,0.0433,1,2,0
20626,Eder,32,26,3,3.6189,-0.6189,1,2,0
20612,S. Mustafi,26,12,3,1.3030,1.6970,2,1,0
278288,Aritz Elustondo,24,10,3,1.8116,1.1884,1,1,1
285508,K. Iheanacho,22,30,3,4.6287,-1.6287,1,2,0
284469,J. Brekalo,20,29,3,2.4404,0.5596,0,2,1
21097,K. Glik,30,21,3,2.8782,0.1218,1,1,1
275032,E. Crivelli,23,16,3,3.1995,-0.1995,0,2,1
288663,M. Caldara,24,9,3,2.8438,0.1562,2,1,0
328333,L. Pellegrini,22,36,3,2.7019,0.2981,1,0,2
22381,Daniel Bessa,25,15,3,2.0158,0.9842,1,2,0
8959,J. Stanislas,29,36,3,2.6152,0.3848,0,2,1
14808,\u0130. G\u00fcndo\u011fan,28,33,3,2.9335,0.0665,1,2,0
282772,B. Embolo,21,15,3,2.2468,0.7532,0,3,0
8677,M. Antonio,28,36,3,3.0294,-0.0294,0,3,0
344120,Borja Mayoral,21,14,3,2.9036,0.0964,1,2,0
20663,C. Th\u00e9r\u00e9au,35,26,3,2.9461,0.0539,0,3,0
7938,A. Valencia,33,14,3,0.7667,2.2333,0,2,1
65596,M. Sabitzer,24,57,3,4.5908,-1.5908,1,1,1
62389,A. Mooy,28,26,3,2.0387,0.9613,0,1,2
61988,S. Davis,33,14,3,1.2970,1.7030,1,1,1
105622,A. Yarmolenko,29,28,3,4.3995,-1.3995,0,2,1
56441,L. Lerager,25,33,3,3.9453,-0.9453,1,0,2
4338,Diego Costa,30,21,3,2.8797,0.1203,0,3,0
55990,T. Delaney,27,41,3,3.4310,-0.4310,2,1,0
394006,M. Terrier,21,49,3,5.1241,-2.1241,0,2,1
115933,G. Lapadula,28,45,3,6.8172,-3.8172,1,2,0
242446,L. Dubois,24,40,3,2.3996,0.6004,0,3,0
51004,C. Borges,30,25,3,2.8720,0.1280,2,1,0
4379,Jonathan Viera,29,24,3,2.2715,0.7285,0,3,0
4440,Borja Valle,26,14,3,3.2344,-0.2344,0,3,0
116269,D. Laxalt,25,32,3,2.3410,0.6590,1,2,0
116349,M. Vecino,27,37,3,3.2778,-0.2778,2,0,1
3335,Bartra,27,15,3,2.1467,0.8533,1,2,0
50069,S. Widmer,25,12,3,0.9325,2.0675,2,1,0
246061,F. Bernardeschi,24,25,3,2.4407,0.5593,0,3,0
3321,K. Benzema,31,54,3,8.7260,-5.7260,1,2,0
41056,Thiago Mendes,26,38,3,2.8000,0.2000,0,2,1
134249,Rub\u00e9n Sobrino,26,23,3,2.6694,0.3306,1,2,0
38095,S. Gakp\u00e9,31,30,3,3.0541,-0.0541,0,2,1
3304,Nacho,28,10,3,1.9569,1.0431,0,1,2
7585,Manu Garc\u00eda,32,22,3,2.5307,0.4693,1,1,1
3300,Albiol,33,15,3,2.1203,0.8797,3,0,0
7868,A. Oxlade-Chamberlain,25,47,3,2.6070,0.3930,0,2,1
65055,F. Kainz,26,29,3,2.3658,0.6342,0,2,1
4048,Sergi Enrich,28,24,3,3.4401,-0.4401,1,2,0
454457,E. Brignola,19,31,3,2.3765,0.6235,0,2,1
105619,A. Mehmedi,27,14,3,1.0119,1.9881,0,3,0
3642,Ramis,34,10,3,0.9847,2.0153,3,0,0
229198,H. Manzala,24,32,3,2.0390,0.9610,0,2,1
3645,Chory Castro,34,26,3,2.4772,0.5228,0,2,1
229697,Y. Bammou,27,20,3,1.2594,1.7406,0,2,1
408827,B. Srarfi,21,23,3,1.7821,1.2179,1,1,1
230020,A. Iwobi,22,45,3,3.9557,-0.9557,0,2,1
82340,T. Gebre Selassie,32,17,3,3.1204,-0.1204,2,1,0
3710,K. Babacar,25,41,3,5.5963,-2.5963,0,3,0
228928,A. Maru\u0161i\u0107,26,36,3,2.6780,0.3220,0,2,1
425925,K. Havertz,19,34,3,4.1453,-1.1453,0,3,0
225996,Diego Llorente,25,18,3,2.5773,0.4227,2,1,0
231139,K. Coman,22,26,3,1.5981,1.4019,1,1,1
3791,Z. Feddal,29,6,3,0.6958,2.3042,3,0,0
3475,D. Perotti,30,34,3,2.1395,0.8605,0,2,1
93044,S. Darbion,34,18,3,2.7425,0.2575,1,2,0
3460,Coke,31,10,3,1.4072,1.5928,1,2,0
403272,O. Okwonkwo,20,5,3,1.0091,1.9909,1,1,1
3843,F. Orellana,32,23,3,2.0984,0.9016,0,3,0
99453,P. Nakoulma,31,26,3,3.1645,-0.1645,0,2,1
70083,Danilo,27,18,3,1.0033,1.9967,0,2,1
399676,Pablo Fornals,22,48,3,3.8699,-0.8699,1,1,1
69968,M. Brozovi\u0107,26,41,3,2.4504,0.5496,1,2,0
3928,Vicente Iborra,30,10,3,1.6410,1.3590,2,0,1
101635,F. Caicedo,30,15,3,2.3506,0.6494,0,2,1
105338,H. Mkhitaryan,29,33,3,2.5075,0.4925,0,2,1
7879,T. Walcott,29,18,3,2.5120,0.4880,0,3,0
86301,L. Castro,29,38,3,4.8950,-1.8950,2,0,1
359847,Alfonso Pedraza,22,40,3,3.0569,-0.0569,0,3,0
266885,M. Olunga,24,17,3,2.4164,0.5836,0,2,1
25861,J. Guilavogui,28,22,3,2.3110,0.6890,1,2,0
26604,Y. Salibur,27,43,3,3.1795,-0.1795,0,2,1
7970,A. Carroll,29,23,3,2.5808,0.4192,1,1,1
26652,D. Wass,29,29,3,2.5213,0.4787,1,2,0
25865,B. Sako,30,15,3,1.5857,1.4143,0,2,1
269060,P. Hern\u00e1ndez,32,15,3,2.0561,0.9439,0,3,0
25826,B. Andr\u00e9,28,29,3,4.5721,-1.5721,1,2,0
266917,A. Traor\u00e9,23,6,3,0.5936,2.4064,0,1,2
135150,A. Cornelius,25,26,3,3.6409,-0.6409,0,3,0
25809,E. Rivi\u00e8re,28,62,3,9.7422,-6.7422,1,1,1
134797,Hernani,24,8,3,0.5960,2.4040,0,2,1
138174,K. Linetty,23,26,3,2.4211,0.5789,0,2,1
134769,Y. Carrasco,25,21,3,1.6540,1.3460,0,2,1
261127,A. Januzaj,23,51,3,5.1160,-2.1160,0,3,0
215036,C. Yamber\u00e9,28,9,3,1.6061,1.3939,2,1,0
491409,M. Barrow,20,26,3,2.5799,0.4201,0,3,0
25950,A. Knockaert,27,40,3,3.6962,-0.6962,0,2,1
134435,A. Grassi,23,35,3,3.6722,-0.6722,1,2,0
8625,V. Moses,28,35,3,3.0564,-0.0564,0,1,2
151,J. Guidetti,26,29,3,2.9288,0.0712,0,2,1
8554,J. Tomkins,29,20,3,3.4523,-0.4523,1,1,1
134503,C. Lenglet,23,11,3,2.5202,0.4798,2,0,1
160,D. Janmaat,29,23,3,1.5035,1.4965,0,2,1
8498,A. King,30,14,3,2.1224,0.8776,0,2,1
256992,A. Fulgini,22,31,3,2.6112,0.3888,0,3,0
207143,Fabinho,25,21,3,2.1490,0.8510,0,3,0
102,Marcelo,31,20,3,3.3090,-0.3090,3,0,0
26086,I. Traor\u00e9,32,14,3,2.1907,0.8093,3,0,0
352988,D. Upamecano,20,9,3,1.2191,1.7809,1,2,0
7926,Nani,32,12,3,1.0196,1.9804,0,2,1
26543,J. Blayac,35,31,3,5.3098,-2.3098,0,1,2
167145,Beller\u00edn,23,28,2,2.1871,-0.1871,0,2,0
224896,G. Holtmann,23,19,2,0.8530,1.1470,0,1,1
224971,E. Thommy,24,23,2,2.3110,-0.3110,0,2,0
20516,D. Faraoni,27,13,2,1.1895,0.8105,0,1,1
209400,D. Berardi,24,70,2,4.6331,-2.6331,0,0,2
18669,J. Hector,28,12,2,1.0422,0.9578,1,1,0
92966,K. Manolas,27,9,2,1.8571,0.1429,2,0,0
20707,S. De Maio,31,5,2,0.8955,1.1045,1,1,0
213308,J. Alonso,25,12,2,0.9222,1.0778,1,1,0
226200,M. Lazzari,25,24,2,1.5205,0.4795,0,1,1
228765,T. Kleindienst,23,40,2,4.3408,-2.3408,0,1,1
169002,Diego Rico,25,21,2,1.6975,0.3025,0,2,0
18579,M. Halstenberg,27,19,2,1.2531,0.7469,1,1,0
90880,S. Mendoza,26,24,2,2.0976,-0.0976,0,2,0
86517,P. De Blasis,30,25,2,1.8624,0.1376,1,1,0
86309,B. Zuculini,25,6,2,0.6835,1.3165,1,1,0
207164,B. N'Diaye,28,19,2,1.3832,0.6168,0,2,0
20728,Jonathas,29,13,2,1.8786,0.1214,0,2,0
136441,B. Davies,25,15,2,0.9820,1.0180,0,1,1
146588,A. Romagnoli,23,7,2,1.0470,0.9530,1,1,0
217031,Thomas,25,17,2,0.9759,1.0241,0,1,1
20478,A. Matri,34,26,2,4.7492,-2.7492,0,0,2
134387,L. Goretzka,23,39,2,3.9511,-1.9511,0,1,1
20519,A. Ranocchia,30,7,2,1.6757,0.3243,2,0,0
20529,A. Poli,29,13,2,2.6275,-0.6275,0,2,0
134508,S. Fofana,23,37,2,1.4949,0.5051,0,2,0
20468,E. Giaccherini,33,6,2,0.3421,1.6579,0,1,1
134383,N. S\u00fcle,23,15,2,1.6678,0.3322,1,1,0
20561,S. Luli\u0107,32,15,2,1.4866,0.5134,1,1,0
86307,L. Vietto,25,11,2,1.6609,0.3391,0,2,0
134540,L. Kurzawa,26,18,2,2.0012,-0.0012,0,2,0
20579,M. Benatia,31,10,2,2.0144,-0.0144,0,1,1
134102,N. Ak\u00e9,23,14,2,2.1333,-0.1333,0,1,1
131959,J. Seri,27,30,2,2.2334,-0.2334,0,2,0
127928,D. Bra\u0161anac,26,9,2,1.2916,0.7084,0,1,1
127537,L. Milivojevi\u0107,27,25,2,1.7983,0.2017,0,2,0
20689,G. Ram\u00edrez,28,37,2,3.4536,-1.4536,0,1,1
20620,Pedro Obiang,26,13,2,0.5097,1.4903,0,1,1
119951,Ahmed Hegazy,27,17,2,3.5094,-1.5094,2,0,0
135810,M. Pjaca,23,6,2,0.7467,1.2533,0,2,0
20459,L. Bonucci,31,24,2,2.7197,-0.7197,2,0,0
20449,F. Borini,27,36,2,2.8798,-0.8798,0,1,1
20655,L. Rigoni,34,17,2,3.0555,-1.0555,2,0,0
215983,S. Boufal,25,27,2,1.9992,0.0008,0,1,1
20441,E. Lamela,26,19,2,3.6815,-1.6815,0,2,0
112366,M. Lay\u00fan,30,19,2,0.8080,1.1920,0,2,0
295273,G. Donsah,22,20,2,1.1716,0.8284,0,2,0
20433,S. Kj\u00e6r,29,8,2,1.1487,0.8513,1,1,0
135927,Andr\u00e9 Silva,23,29,2,4.3402,-2.3402,1,1,0
134427,D. Rugani,24,7,2,1.3812,0.6188,1,1,0
20680,F. S\u00f8rensen,26,13,2,2.0213,-0.0213,0,2,0
220359,P. Farag\u00f2,25,26,2,2.7252,-0.7252,0,1,1
272440,M. Eggestein,22,41,2,4.5570,-2.5570,0,0,2
83836,A. Maxim,28,26,2,1.3037,0.6963,0,1,1
24269,M. Coda,30,48,2,4.6603,-2.6603,0,1,1
26956,N. Benezet,27,23,2,2.1399,-0.1399,0,1,1
27646,P. Capelle,31,38,2,3.0100,-1.0100,0,1,1
276978,A. Diakhaby,22,12,2,1.8777,0.1223,0,2,0
25393,D. Lovren,29,13,2,2.2404,-0.2404,2,0,0
24964,M. Pucciarelli,27,24,2,2.4898,-0.4898,0,2,0
27955,G. Laborde,24,24,2,2.0312,-0.0312,1,0,1
16303,D. Latza,29,38,2,1.9852,0.0148,0,2,0
28117,R. Ghezzal,26,27,2,1.8759,0.1241,0,2,0
23386,L. Rizzo,26,10,2,0.7453,1.2547,0,2,0
82487,P. Kade\u0159\u00e1bek,26,23,2,3.2479,-1.2479,0,1,1
28291,T. Bakayoko,24,37,2,4.2336,-2.2336,1,0,1
28922,T. Lemar,23,30,2,2.6598,-0.6598,0,1,1
28990,D. Li\u00e9nard,30,38,2,1.7869,0.2131,1,1,0
29474,R. Thomas,30,14,2,2.0770,-0.0770,2,0,0
29641,B. Pel\u00e9,26,22,2,1.3849,0.6151,0,2,0
254898,Kenedy,22,22,2,1.5663,0.4337,0,2,0
254189,Ivi,24,30,2,1.7478,0.2522,0,2,0
32968,N. Amrabat,31,41,2,2.7293,-0.7293,0,2,0
276920,V. Vada,22,10,2,0.6641,1.3359,0,2,0
26196,D. Sidib\u00e9,26,18,2,1.0952,0.9048,1,1,0
26167,C. Beauvue,30,37,2,4.2483,-2.2483,0,2,0
263490,S. Guirassy,22,30,2,4.9252,-2.9252,0,0,2
25706,I. Gueye,29,24,2,1.1936,0.8064,0,2,0
25741,Y. N'Gbakoto,26,11,2,1.1749,0.8251,0,1,1
273819,Xeka,24,27,2,2.0627,-0.0627,1,0,1
25785,S. Aurier,26,15,2,1.2019,0.7981,1,1,0
25800,\u00c9. Didot,35,13,2,0.5272,1.4728,0,2,0
25558,N. N'Koulou,28,13,2,2.4003,-0.4003,2,0,0
25553,Azpilicueta,29,12,2,0.9529,1.0471,1,1,0
25849,F. Ghoulam,27,8,2,0.5538,1.4462,0,1,1
25891,B. Nivet,41,16,2,1.5844,0.4156,0,2,0
26000,B. Dabo,26,19,2,1.8459,0.1541,0,1,1
26008,S. Camara,36,17,2,2.2140,-0.2140,2,0,0
26038,J. Campbell,26,7,2,0.6719,1.3281,0,2,0
26042,K. Monnet-Paquet,30,24,2,2.8027,-0.8027,0,1,1
25474,R. Camara,28,17,2,1.5087,0.4913,0,2,0
263766,Jemerson,26,14,2,2.0476,-0.0476,1,1,0
263614,N. Amiri,22,45,2,3.0831,-1.0831,0,2,0
25461,R. Boudebouz,28,15,2,0.8344,1.1656,0,1,1
22695,N. Viola,29,25,2,0.8526,1.1474,1,1,0
37725,C. Kouyat\u00e9,29,15,2,2.4108,-0.4108,2,0,0
38031,C. Benteke,28,53,2,8.8134,-6.8134,2,0,0
69400,M. Badelj,29,30,2,2.0074,-0.0074,0,1,1
69525,M. Pavlovi\u0107,28,15,2,2.4864,-0.4864,1,0,1
235606,T. Kehrer,22,15,2,2.1381,-0.1381,1,1,0
235555,R. Loftus-Cheek,22,31,2,3.4260,-1.4260,0,2,0
25650,V. Pajot,28,19,2,2.2160,-0.2160,0,1,1
234527,A. Halilovi\u0107,22,34,2,1.7250,0.2750,0,2,0
234359,P. Schick,22,30,2,4.1930,-2.1930,1,1,0
70215,C. Atsu,26,32,2,4.0507,-2.0507,0,2,0
233910,A. Donis,22,33,2,3.1407,-1.1407,0,2,0
21094,D. D'Ambrosio,30,15,2,2.7113,-0.7113,1,1,0
284322,E. Ponce,21,20,2,2.6006,-0.6006,1,1,0
70834,Guilherme,27,11,2,1.3668,0.6332,0,1,1
285109,F. Kessi\u00e9,22,66,2,5.8984,-3.8984,0,1,1
230897,Fede Cartabia,25,30,2,1.7110,0.2890,0,2,0
20947,A. Cerci,31,35,2,2.7909,-0.7909,1,1,0
70965,Jo\u00e3o M\u00e1rio,25,23,2,2.3849,-0.3849,0,2,0
70974,Iuri Medeiros,24,18,2,1.0135,0.9865,0,2,0
77548,J. Allen,28,24,2,2.2924,-0.2924,0,1,1
236528,N. Elvedi,22,12,2,1.9041,0.0959,1,1,0
68085,C. Kabasele,27,10,2,1.3078,0.6922,2,0,0
38436,C. Santos,30,8,2,0.9636,1.0364,1,1,0
61962,Sung-Yeung Ki,29,18,2,0.6233,1.3767,0,1,1
248950,Samir,24,7,2,1.2849,0.7151,1,1,0
22270,G. Ferrari,26,7,2,1.3689,0.6311,1,1,0
40800,Ganso,29,7,2,1.1520,0.8480,0,1,1
247222,Medr\u00e1n,24,15,2,0.6517,1.3483,2,0,0
22093,A. Caracciolo,28,15,2,2.0658,-0.0658,1,0,1
48318,Jonathan Cafu,27,13,2,1.3549,0.6451,0,2,0
246866,A. Mawson,24,12,2,1.5461,0.4539,0,2,0
246063,S. Sensi,23,17,2,1.4289,0.5711,0,2,0
245813,L. Mousset,22,19,2,1.4868,0.5132,1,1,0
22020,A. Galabinov,30,33,2,3.8750,-1.8750,1,1,0
21865,M. Sau,31,21,2,2.5412,-0.5412,0,2,0
21861,D. Falcinelli,27,45,2,5.3218,-3.3218,1,0,1
21655,A. Stoian,27,21,2,2.0152,-0.0152,0,2,0
50102,F. Sch\u00e4r,27,15,2,3.0766,-1.0766,0,2,0
51151,M. Rohd\u00e9n,27,20,2,1.1826,0.8174,0,2,0
21607,F. Cacciatore,32,20,2,1.2949,0.7051,1,0,1
56009,R. Durmisi,24,15,2,1.3050,0.6950,0,1,1
235450,A. Diallo,22,11,2,1.7483,0.2517,2,0,0
26314,L. Deaux,30,12,2,1.5172,0.4828,0,2,0
8903,T. Deeney,30,26,2,4.3447,-2.3447,0,2,0
3341,Piqu\u00e9,31,16,2,3.1012,-1.1012,2,0,0
3816,Sergio Garc\u00eda,35,35,2,3.7596,-1.7596,0,2,0
3350,F\u00e0bregas,31,36,2,3.0490,-1.0490,0,1,1
7914,J. Evans,30,8,2,1.7059,0.2941,2,0,0
3348,Deulofeu,24,15,2,1.9751,0.0249,0,1,1
367621,D. Geiger,20,21,2,2.3693,-0.3693,0,1,1
333571,L. Torreira,22,26,2,1.2174,0.7826,0,2,0
8686,H. Robson-Kanu,29,18,2,2.4964,-0.4964,1,0,1
332605,Ramadan Sobhi,21,14,2,1.1855,0.8145,0,2,0
8653,H. Maguire,25,27,2,2.9584,-0.9584,1,1,0
3345,Thiago Alc\u00e2ntara,27,22,2,2.3317,-0.3317,0,2,0
3344,Rafinha,25,16,2,1.8039,0.1961,0,2,0
15139,T. Chandler,28,24,2,2.5730,-0.5730,0,1,1
15141,A. Esswein,28,9,2,0.9593,1.0407,1,0,1
8628,F. Di Santo,29,25,2,2.5516,-0.5516,0,2,0
366217,K. Danso,20,8,2,2.2384,-0.2384,1,1,0
366581,J. Gnagnon,21,22,2,2.6212,-0.6212,0,1,1
3934,N. El Zhar,32,44,2,3.8485,-1.8485,0,1,1
3937,Roger,27,25,2,2.9957,-0.9957,0,2,0
330387,M. Coco,22,24,2,2.2389,-0.2389,0,1,1
8620,M. Diam\u00e9,31,20,2,2.3542,-0.3542,0,2,0
3320,N. \u015eahin,30,23,2,1.5929,0.4071,0,1,1
3310,Marcelo,30,32,2,1.8648,0.1352,0,2,0
11294,S. Arfield,30,18,2,1.9044,0.0956,0,1,1
14687,S. Papastathopoulos,30,13,2,1.0614,0.9386,0,2,0
3306,Sergio Ramos,32,22,2,4.2237,-2.2237,2,0,0
7965,Lucas Leiva,31,27,2,2.7309,-0.7309,0,2,0
3277,V\u00edctor Ru\u00edz,29,5,2,0.9412,1.0588,1,1,0
14781,L. Bender,29,19,2,2.3570,-0.3570,1,0,1
336829,R. Koch,22,15,2,1.4926,0.5074,2,0,0
4424,Jonny,24,13,2,1.5497,0.4503,0,1,1
7907,D. Sturridge,29,24,2,2.5000,-0.5000,1,1,0
7906,Juan Mata,30,22,2,3.5829,-1.5829,0,2,0
7855,L. Koscielny,33,8,2,1.7267,0.2733,1,1,0
14869,S. Kola\u0161inac,25,19,2,1.7852,0.2148,0,2,0
9414,M. Phillips,27,25,2,2.2192,-0.2192,0,2,0
410062,J. Kound\u00e9,20,11,2,1.7623,0.2377,1,1,0
3543,Borja Valero,33,17,2,1.9957,0.0043,0,2,0
3542,Trigueros,27,26,2,1.3348,0.6652,1,1,0
340019,Gerson,21,8,2,1.1639,0.8361,0,2,0
9419,T. Ince,26,60,2,5.9357,-3.9357,0,2,0
3657,T. Hemed,31,17,2,2.7949,-0.7949,1,1,0
3529,Mario,28,27,2,1.3558,0.6442,1,0,1
3678,Xabi Prieto,35,15,2,2.4817,-0.4817,0,2,0
338249,Gil Dias,22,32,2,2.6943,-0.6943,0,0,2
372915,A. Harit,21,23,2,2.3402,-0.3402,0,2,0
9277,S. Cook,27,17,2,2.4765,-0.4765,2,0,0
3705,Adri\u00e1n,30,28,2,2.6686,-0.6686,1,1,0
6365,Bustinza,26,13,2,2.8007,-0.8007,2,0,0
9739,J. Ibe,23,48,2,2.8758,-0.8758,0,2,0
3468,Juan Cala,29,12,2,1.7278,0.2722,2,0,0
14838,C. Kramer,27,8,2,1.7574,0.2426,0,1,1
14806,M. G\u00f6tze,26,21,2,2.0602,-0.0602,1,1,0
3463,F. Fazio,31,15,2,2.6138,-0.6138,1,0,1
9080,A. Taarabt,29,29,2,1.7572,0.2428,0,2,0
8981,W. Hughes,23,12,2,1.1923,0.8077,0,2,0
14803,S. Bender,29,13,2,1.8069,0.1931,0,2,0
8980,J. Hendrick,26,25,2,2.8546,-0.8546,0,2,0
14801,N. Suboti\u0107,30,6,2,1.1789,0.8211,1,1,0
3420,Susaeta,31,22,2,1.7758,0.2242,0,2,0
471589,M. Sylla,19,10,2,1.7821,0.2179,0,2,0
8561,M. Noble,31,14,2,0.8423,1.1577,0,2,0
3269,Jordi Alba,29,15,2,2.0843,-0.0843,0,1,1
8013,M. Albrighton,29,18,2,1.6356,0.3644,0,2,0
391425,R. Baku,20,5,2,0.4516,1.5484,0,2,0
396475,A. Hakimi,20,4,2,0.4780,1.5220,0,2,0
173,R. van La Parra,27,40,2,2.7917,-0.7917,0,2,0
8360,C. Dawson,28,17,2,2.6363,-0.6363,2,0,0
14754,C. Gentner,33,22,2,2.1998,-0.1998,2,0,0
8351,A. Surman,32,18,2,0.9994,1.0006,0,2,0
353236,T. Davies,20,21,2,1.5890,0.4110,0,1,1
491365,J. Arp,18,17,2,1.9630,0.0370,0,2,0
8323,Denis Su\u00e1rez,24,11,2,1.3547,0.6453,0,2,0
8125,J. Cork,29,15,2,2.3058,-0.3058,2,0,0
4358,Laguardia,29,5,2,0.6683,1.3317,2,0,0
4513,D. Cheryshev,28,29,2,3.0686,-1.0686,0,2,0
8136,J. Stephens,24,10,2,0.8940,1.1060,1,0,1
364850,J. Firpo,22,11,2,1.4301,0.5699,2,0,0
14715,H. Badstuber,29,6,2,0.9147,1.0853,1,0,1
354997,S. C\u00f3rdova,21,14,2,1.2645,0.7355,0,1,1
8144,J. Ward-Prowse,24,20,2,2.0195,-0.0195,0,2,0
8309,K. Rekik,24,7,2,0.8888,1.1112,2,0,0
498357,I. Niane,19,37,2,2.7826,-0.7826,2,0,0
93,J. Gu\u00f0munds\u00adson,28,50,2,3.2296,-1.2296,1,1,0
14748,A. R\u00fcdiger,25,15,2,2.6945,-0.6945,2,0,0
14724,D. Alaba,26,15,2,0.7003,1.2997,0,1,1
77,N. Moisander,33,14,2,1.5930,0.4070,0,0,2
4375,Vitolo,29,15,2,1.9464,0.0536,0,1,1
4488,Sa\u00fal,24,49,2,2.9823,-0.9823,0,1,1
4452,Yuri Berchiche,28,10,2,0.4033,1.5967,0,1,1
360992,D. Zakaria,22,19,2,1.1451,0.8549,0,2,0
16027,F. Bartels,31,22,2,2.1910,-0.1910,1,1,0
8285,J. Livermore,29,15,2,1.9847,0.0153,0,2,0
15781,Ja-Cheol Koo,29,26,2,3.0391,-1.0391,1,1,0
412897,Dani Raba,23,18,2,2.0413,-0.0413,1,0,1
15503,F. Niederlechner,28,21,2,2.3796,-0.3796,0,1,1
481329,P. Pellegri,17,7,2,1.5864,0.4136,0,2,0
471,W. Bony,30,18,2,1.8483,0.1517,0,1,1
14696,Z. Junuzovi\u0107,31,33,2,3.1537,-1.1537,0,2,0
326523,Dani Ceballos,22,6,2,0.4361,1.5639,0,2,0
4278,Borja Garc\u00eda,28,49,2,2.8665,-0.8665,0,2,0
625,M. de Roon,27,25,2,2.1694,-0.1694,0,1,1
15543,S. Zoller,27,9,2,2.2548,-0.2548,1,1,0
7989,D. Gosling,28,21,2,2.2812,-0.2812,0,1,1
15487,J. Haberer,24,40,2,3.1051,-1.1051,1,0,1
8471,A. Townsend,27,59,2,3.3618,-1.3618,0,2,0
302799,R. Mandragora,21,33,2,1.9871,0.0129,0,2,0
8004,C. Clark,29,11,2,1.9425,0.0575,2,0,0
703,M. Yoshida,30,15,2,3.6255,-1.6255,1,1,0
343925,D. Verde,22,25,2,1.0988,0.9012,0,2,0
8384,S. Long,31,34,2,5.0140,-3.0140,0,1,1
302600,S. Serdar,21,39,2,2.1128,-0.1128,0,2,0
4509,Omar Mascarell,25,4,1,0.1686,0.8314,0,1,0
4969,Tana,28,13,1,1.7038,-0.7038,1,0,0
247219,V\u00edctor Camarasa,24,19,1,1.4717,-0.4717,1,0,0
372753,Francis Guerrero,22,4,1,0.2351,0.7649,0,1,0
246059,E. Goldaniga,25,6,1,2.1492,-1.1492,1,0,0
247220,Jason,24,29,1,2.6418,-1.6418,0,0,1
7302,Albentosa,30,7,1,0.8517,0.1483,1,0,0
43515,Andrei Girotto,26,28,1,1.5007,-0.5007,0,1,0
250956,F. Ricci,24,26,1,2.7238,-1.7238,0,1,0
49997,S. Zuber,27,15,1,1.1353,-0.1353,0,0,1
373350,R. Hack,20,1,1,0.0519,0.9481,0,0,1
5653,M. Mantovani,34,5,1,0.9200,0.0800,0,0,1
5147,Choco Lozano,25,14,1,1.5088,-0.5088,0,1,0
250805,Djen\u00e9,27,8,1,0.9325,0.0675,1,0,0
49869,F. Frei,29,9,1,0.6836,0.3164,0,1,0
40765,Lucas Moura,26,8,1,1.7179,-0.7179,0,0,1
43196,Som\u00e1lia,30,25,1,1.2121,-0.2121,0,1,0
374013,A. Diawara,21,6,1,0.2492,0.7508,0,1,0
247162,Brandon,23,5,1,0.6205,0.3795,0,1,0
6210,Aday,31,27,1,1.3368,-0.3368,0,1,0
6281,Zald\u00faa,26,10,1,0.5293,0.4707,0,1,0
375001,I. Sangar\u00e9,21,21,1,1.0241,-0.0241,0,1,0
375771,M. Olivera,21,1,1,0.2219,0.7781,1,0,0
41034,Rafael Tol\u00f3i,28,18,1,2.2370,-1.2370,0,1,0
40301,Lucas Lima,27,18,1,0.7191,0.2809,0,1,0
247248,S. March,24,26,1,0.9559,0.0441,1,0,0
247169,Diego Gonz\u00e1lez,23,13,1,0.9437,0.0563,1,0,0
49876,G. Xhaka,26,58,1,2.4445,-1.4445,0,1,0
44510,Vitor Hugo,27,5,1,0.4219,0.5781,1,0,0
4683,A. Szymanowski,30,17,1,1.5690,-0.5690,0,1,0
16122,E. Kachunga,26,11,1,1.7760,-0.7760,0,1,0
253333,A. Blin,22,9,1,0.8531,0.1469,1,0,0
26332,P. Baysse,30,10,1,1.7962,-0.7962,0,0,1
7939,A. Young,33,14,1,0.8260,0.1740,0,1,0
7964,J. Henderson,28,14,1,0.8525,0.1475,0,1,0
16110,K. Kampl,28,27,1,1.7675,-0.7675,0,1,0
258252,L. Klostermann,22,11,1,0.9793,0.0207,0,1,0
26539,P. Oniangu\u00e9,30,17,1,1.5136,-0.5136,0,0,1
258254,L. Waldschmidt,22,25,1,1.7559,-0.7559,0,0,1
26518,C. S\u00e1nchez,32,9,1,0.8307,0.1693,1,0,0
26512,M. Dossevi,30,28,1,2.0851,-1.0851,0,1,0
26508,R. Cohade,34,39,1,1.7085,-0.7085,0,1,0
259292,F. Di Francesco,24,35,1,2.6417,-1.6417,0,0,1
26414,G. N'Gosso,33,4,1,0.3859,0.6141,0,0,1
8005,J. Collins,35,3,1,0.2515,0.7485,1,0,0
26374,C. Varrault,38,2,1,0.1938,0.8062,1,0,0
260002,V. Rongier,24,24,1,1.0812,-0.0812,0,1,0
26307,A. Mandi,27,11,1,1.8439,-0.8439,1,0,0
7856,P. Mertesacker,34,2,1,0.2436,0.7564,1,0,0
263091,Gumbau,24,16,1,0.8059,0.1941,0,1,0
8116,N. Redmond,24,44,1,2.5449,-1.5449,1,0,0
263433,A. Ferrari,24,8,1,0.7091,0.2909,0,0,1
364860,Rodri,22,28,1,1.5331,-0.5331,0,1,0
26120,T. Mangani,31,23,1,1.8069,-0.8069,0,0,1
364772,C. Awaziem,21,10,1,1.2570,-0.2570,1,0,0
8186,S. Dann,31,14,1,2.9263,-1.9263,0,0,1
26065,J. Martin,28,23,1,2.1048,-1.1048,0,1,0
364644,A. Diouss\u00e9,21,10,1,0.6085,0.3915,0,1,0
26044,G. Sunu,27,9,1,1.2651,-0.2651,0,0,1
8200,S. N'Zonzi,30,18,1,1.3868,-0.3868,0,1,0
8213,Rub\u00e9n Rochina,27,7,1,0.8568,0.1432,0,1,0
26032,C. Doukour\u00e9,26,16,1,1.2854,-0.2854,1,0,0
26021,S. Falette,26,15,1,2.3164,-1.3164,0,1,0
28073,S. Ngom,25,9,1,1.2733,-0.2733,0,0,1
7932,D. Fletcher,34,12,1,0.9383,0.0617,0,1,0
7929,T. Cleverley,29,14,1,1.0093,-0.0093,0,1,0
28122,Y. Benzia,24,27,1,1.9738,-0.9738,0,0,1
372752,Carlos Soler,21,43,1,3.4518,-2.4518,0,0,1
253784,B. Guillaume,23,6,1,1.4177,-0.4177,0,0,1
37745,J. Lukaku,24,6,1,0.6342,0.3658,0,0,1
37739,D. Praet,24,33,1,2.1231,-1.1231,0,1,0
37732,L. Biglia,32,21,1,0.9760,0.0240,0,1,0
7858,B. Sagna,35,3,1,0.3513,0.6487,1,0,0
35477,J. Pohjanpalo,24,5,1,0.7572,0.2428,0,1,0
7864,F. Coquelin,27,5,1,0.8160,0.1840,1,0,0
32652,E. \u00c7olak,27,17,1,1.2916,-0.2916,0,1,0
7873,J. Wilshere,26,16,1,2.1967,-1.1967,0,1,0
32577,Sidnei,29,4,1,0.5174,0.4826,1,0,0
31528,N. Kant\u00e9,27,25,1,0.9477,0.0523,0,1,0
368642,G. Crociata,21,9,1,1.2039,-0.2039,0,1,0
30427,J. Mari\u00e9,27,21,1,1.3394,-0.3394,0,1,0
30320,O. El Hajjam,27,17,1,0.8602,0.1398,0,1,0
254649,T. Asano,24,18,1,2.3124,-1.3124,0,0,1
7892,David Luiz,31,9,1,0.6710,0.3290,0,0,1
29640,M. Lemina,25,22,1,0.7963,0.2037,0,1,0
29588,E. Seka,31,12,1,0.8233,0.1767,0,1,0
7899,Oriol Romeu,27,24,1,2.6090,-1.6090,0,1,0
29137,J. Grimm,31,13,1,0.6422,0.3578,0,1,0
28908,F. Guilbert,24,12,1,0.8898,0.1102,0,1,0
28907,Rapha\u00ebl Guerreiro,25,9,1,0.6689,0.3311,0,1,0
28866,K. Azamoum,28,18,1,1.6080,-0.6080,0,1,0
367620,N. Dorsch,20,1,1,0.2654,0.7346,0,1,0
366760,L. Coulibaly,22,14,1,1.2501,-0.2501,1,0,0
7920,Rafael,28,9,1,1.2932,-0.2932,0,1,0
256998,E. Bailly,24,1,1,0.6395,0.3605,0,1,0
257028,D. Calabria,22,8,1,0.4426,0.5574,0,1,0
245807,F. Bahlouli,23,4,1,0.2768,0.7232,0,1,0
4113,Etxeita,31,4,1,0.5772,0.4228,0,1,0
244357,B. Zungu,26,8,1,0.3184,0.6816,0,1,0
447223,J. Sancho,18,11,1,1.5464,-0.5464,0,1,0
134294,I. Hayden,23,14,1,0.9996,0.0004,0,1,0
221172,A. Hack,25,11,1,1.0268,-0.0268,1,0,0
3308,Pedro Mendes,28,9,1,0.7681,0.2319,1,0,0
3293,P. Piatti,29,26,1,2.3769,-1.3769,0,1,0
218971,A. Lazaar,26,6,1,0.3906,0.6094,0,0,1
3276,A. Rami,33,12,1,1.8919,-0.8919,1,0,0
134484,A. Ciciretti,25,25,1,1.4485,-0.4485,0,1,0
218896,O. Duda,24,9,1,1.3047,-0.3047,0,1,0
134512,C. Jean,23,23,1,1.8439,-0.8439,0,1,0
1712,K. Tete,23,6,1,0.9847,0.0153,0,1,0
217874,A. Tour\u00e9,24,39,1,1.5403,-0.5403,0,0,1
658,S. Armenteros,28,4,1,0.9500,0.0500,0,1,0
135561,F. Grillitsch,23,18,1,1.2516,-0.2516,0,1,0
216074,C. G\u00fcnter,25,23,1,0.9021,0.0979,0,1,0
394,B. Nuytinck,28,12,1,1.2672,-0.2672,1,0,0
131321,C. Kouakou,27,23,1,3.0263,-2.0263,0,0,1
221333,K. Demirbay,25,18,1,0.9878,0.0122,0,1,0
128214,A. Mitrovi\u0107,24,4,1,1.2047,-0.2047,0,0,1
3346,Sergio Busquets,30,5,1,1.0810,-0.0810,1,0,0
3353,Iniesta,34,16,1,0.9184,0.0816,0,0,1
3351,Kiko Femen\u00eda,27,9,1,0.5973,0.4027,0,1,0
105523,Danilo Avelar,29,7,1,0.7581,0.2419,0,1,0
105616,B. Ideye,30,8,1,1.9249,-0.9249,0,1,0
3347,Sergi Roberto,26,7,1,0.7697,0.2303,0,1,0
112253,M. Fabi\u00e1n,29,17,1,1.0138,-0.0138,0,1,0
224593,J. Kimmich,23,8,1,0.9880,0.0120,0,1,0
3326,Jes\u00e9 Rodr\u00edguez,25,12,1,0.8489,0.1511,0,0,1
119630,I. Slimani,30,5,1,0.5044,0.4956,0,1,0
3338,Sergi G\u00f3mez,26,9,1,1.4310,-0.4310,1,0,0
120717,O. Haddadi,26,5,1,0.6288,0.3712,0,1,0
222220,A. Robertson,24,12,1,0.9544,0.0456,0,1,0
3334,Dani Alves,35,19,1,1.1849,-0.1849,1,0,0
221411,P. Max,25,16,1,0.6320,0.3680,0,1,0
477744,N. Cozza,19,6,1,0.1696,0.8304,0,1,0
136011,M. Ga\u0107inovi\u0107,23,34,1,3.1706,-2.1706,0,1,0
137161,G. Pu\u015fca\u015f,22,21,1,3.1209,-2.1209,0,1,0
91,C. Benschop,29,5,1,0.3574,0.6426,1,0,0
165431,K. Karaman,24,17,1,1.9783,-0.9783,0,1,0
120,J. Locadia,25,4,1,0.9380,0.0620,0,0,1
116,G. Wijnaldum,28,36,1,3.5805,-2.5805,0,1,0
114,K. Strootman,28,21,1,2.2836,-1.2836,0,1,0
173212,N. Stark,23,10,1,1.4425,-0.4425,1,0,0
209117,A. Rabiot,23,23,1,1.5491,-0.5491,0,1,0
203113,I. Sylla,24,12,1,0.3601,0.6399,0,1,0
149846,C. Falletti,26,10,1,1.1787,-0.1787,0,1,0
74,R. Klavan,33,2,1,0.6158,0.3842,1,0,0
207001,J. Correa,24,22,1,2.2667,-1.2667,0,0,1
521939,I. Ganago,19,3,1,1.0869,-0.0869,0,0,1
208089,I. Fossum,22,21,1,1.2974,-0.2974,0,1,0
208652,V. Lazaro,22,14,1,1.7163,-0.7163,0,1,0
208694,Rodrigo Ely,25,11,1,1.0954,-0.0954,1,0,0
165425,D. Kohr,24,38,1,3.7934,-2.7934,0,1,0
149389,J. Toljan,24,8,1,0.3675,0.6325,0,1,0
284,M. van der Hoorn,26,9,1,1.4206,-0.4206,1,0,0
214710,B. Dibassy,29,10,1,0.9355,0.0645,0,1,0
262,L. Fer,28,12,1,1.9414,-0.9414,0,0,1
254,R. Rosales,30,14,1,0.4238,0.5762,0,1,0
192,J. Vukovi\u0107,30,3,1,0.4275,0.5725,1,0,0
179,L. Narsingh,28,9,1,1.0288,-0.0288,0,0,1
143189,C. Ninga,25,30,1,3.1798,-2.1798,0,1,0
143566,Douglas Santos,24,18,1,0.6164,0.3836,0,1,0
144884,C. Jullien,25,22,1,3.6643,-2.6643,0,1,0
149101,A. Tour\u00e9,22,6,1,0.5950,0.4050,1,0,0
214062,\u00c1lex Granell,30,32,1,1.1073,-0.1073,0,1,0
489417,Erik Exp\u00f3sito,22,9,1,0.9027,0.0973,0,1,0
213124,Chema,26,7,1,0.7797,0.2203,0,1,0
149053,R. Walter,23,11,1,1.0266,-0.0266,0,0,1
149076,V. Eysseric,26,13,1,1.2274,-0.2274,0,1,0
212644,G. Escalante,25,24,1,2.3497,-1.3497,1,0,0
3409,San Jos\u00e9,29,17,1,1.3208,-0.3208,0,1,0
224677,J. Weigl,23,5,1,0.1997,0.8003,0,1,0
244335,K. Dolly,25,20,1,1.0599,-0.0599,0,1,0
101742,C. Ansaldi,32,18,1,0.7291,0.2709,0,0,1
239191,M. Rashica,22,12,1,0.9059,0.0941,0,1,0
4180,Lomb\u00e1n,31,3,1,0.2803,0.7197,1,0,0
25943,C. Kerbrat,32,8,1,0.8151,0.1849,1,0,0
3970,G\u00e1lvez,29,9,1,0.9518,0.0482,1,0,0
3916,G. Cabral,33,8,1,0.7657,0.2343,1,0,0
3875,Borja Bast\u00f3n,26,19,1,2.4027,-1.4027,0,1,0
70088,Rolando,33,14,1,1.9260,-0.9260,0,1,0
234533,S. Perica,23,17,1,2.4049,-1.4049,0,0,1
70120,Javi Garc\u00eda,31,10,1,0.8267,0.1733,0,1,0
70122,N. Mati\u0107,30,18,1,0.8201,0.1799,0,1,0
3803,Sergi Darder,25,25,1,1.1062,-0.1062,0,1,0
403546,Lee Seung-Woo,20,11,1,0.9201,0.0799,0,1,0
70156,A. Carrillo,27,21,1,2.1144,-1.1144,1,0,0
3795,H. Moreno,30,7,1,1.5689,-0.5689,0,1,0
70451,Luisinho,33,14,1,0.6193,0.3807,0,1,0
4232,Pedro Alcal\u00e1,29,5,1,0.6321,0.3679,0,1,0
4255,L. Ulloa,32,3,1,0.7279,0.2721,1,0,0
4256,Aleix Vidal,29,8,1,1.4022,-0.4022,0,1,0
4355,David Garc\u00eda,36,5,1,0.5841,0.4159,0,1,0
243931,Q. Cornette,24,7,1,0.4895,0.5105,0,0,1
51132,E. Forsberg,27,26,1,1.8530,-0.8530,0,0,1
241966,G. Jung,24,7,1,0.6952,0.3048,0,1,0
51217,L. Augustinsson,24,20,1,1.6299,-0.6299,1,0,0
240445,Andreas Pereira,22,14,1,0.7524,0.2476,0,1,0
395114,Zubeld\u00eda,21,18,1,0.6331,0.3669,0,1,0
56025,M. Krohn-Dehli,35,12,1,0.7079,0.2921,0,1,0
397028,D. Zagadou,19,7,1,0.7879,0.2121,0,1,0
56026,J. Stryger Larsen,27,16,1,1.5319,-0.5319,0,1,0
56424,A. J\u00f3hannsson,28,8,1,1.0124,-0.0124,0,1,0
396628,N. Basin,20,2,1,0.2594,0.7406,0,1,0
240032,J. Bednarek,22,1,1,0.1676,0.8324,0,1,0
4303,David L\u00f3pez,29,13,1,1.8801,-0.8801,1,0,0
61967,V. Wanyama,27,12,1,0.6838,0.3162,0,1,0
404226,M. Maolida,19,9,1,0.4564,0.5436,0,0,1
70959,Edgar I\u00e9,24,14,1,1.3543,-0.3543,0,1,0
77546,A. Williams,34,8,1,0.9115,0.0885,1,0,0
94828,G. Shibasaki,26,8,1,0.4280,0.5720,0,0,1
3476,I. Rakiti\u0107,30,30,1,2.2296,-1.2296,0,0,1
225948,Rub\u00e9n Pe\u00f1a,27,12,1,0.6714,0.3286,0,1,0
93003,D. Siovas,30,11,1,1.7007,-0.7007,0,0,1
3474,Jes\u00fas Navas,33,21,1,1.4296,-0.4296,0,1,0
3470,Campa\u00f1a,25,22,1,1.4732,-0.4732,0,1,0
3466,Alexis,33,13,1,1.8304,-0.8304,1,0,0
434159,S. Field,20,5,1,1.2048,-0.2048,0,1,0
226005,Burgui,25,14,1,0.7369,0.2631,0,1,0
437636,J. Deminguet,20,6,1,0.5330,0.4670,0,1,0
3434,Filipe Luis,33,5,1,0.3931,0.6069,0,0,1
99661,T. Cionek,32,6,1,0.4869,0.5131,1,0,0
3424,Fernando Llorente,33,7,1,1.3097,-0.3097,1,0,0
3421,De Marcos,29,13,1,1.3188,-0.3188,0,0,1
3416,Javi Mart\u00ednez,30,22,1,2.7783,-1.7783,0,0,1
3496,Sergio Postigo,30,6,1,0.6376,0.3624,0,1,0
3510,Timor,29,9,1,0.5839,0.4161,0,1,0
405977,Jordi Mboula,19,1,1,0.0615,0.9385,0,0,1
86328,G. Pezzella,27,24,1,2.6562,-1.6562,1,0,0
3685,C. Vela,29,9,1,1.4726,-0.4726,0,1,0
3671,\u00cd\u00f1igo Mart\u00ednez,27,15,1,1.8373,-0.8373,1,0,0
3650,Tom\u00e1s Pina,31,11,1,1.0707,-0.0707,0,0,1
3572,Portillo,28,15,1,1.9677,-0.9677,0,1,0
228983,W. Cyprien,23,18,1,1.2636,-0.2636,0,0,1
413582,Y. Bissouma,22,38,1,1.6807,-0.6807,0,1,0
3548,G. Rossi,31,11,1,1.9246,-0.9246,0,1,0
227894,J. Gim\u00e9nez,23,10,1,0.8844,0.1156,1,0,0
86366,J. Palomino,28,9,1,1.9427,-0.9427,0,1,0
228980,J. Gbamin,23,21,1,1.3590,-0.3590,0,0,1
86828,G. Pizarro,28,11,1,1.1661,-0.1661,1,0,0
89559,C. Ar\u00e1nguiz,29,25,1,1.9374,-0.9374,0,0,1
90268,E. Pulgar,24,25,1,0.9449,0.0551,0,1,0
228639,Y. Gerhardt,24,11,1,1.0087,-0.0087,0,0,1
265807,Jos\u00e9 Naranjo,24,6,1,0.5609,0.4391,0,1,0
7967,J. Shelvey,26,35,1,1.6224,-0.6224,0,1,0
209012,K\u00e9vin Rodrigues,24,13,1,0.3845,0.6155,0,1,0
23314,Diego Farias,28,41,1,3.7881,-2.7881,1,0,0
22883,A. Izzo,26,3,1,0.7727,0.2273,1,0,0
20536,G. Pazzini,34,21,1,2.4925,-1.4925,0,1,0
14692,P. Bargfrede,29,15,1,0.5009,0.4991,0,1,0
15232,B. Wood,26,34,1,4.5110,-3.5110,0,1,0
278324,Carlos Fern\u00e1ndez,22,5,1,0.6145,0.3855,0,0,1
14706,A. Hunt,32,19,1,1.4628,-0.4628,0,1,0
22566,A. Florenzi,27,39,1,2.9317,-1.9317,0,1,0
278383,\u00c1lvaro Jim\u00e9nez,23,8,1,0.3455,0.6545,0,1,0
20583,Danilo,34,12,1,1.4104,-0.4104,1,0,0
288423,Z. Machach,22,3,1,0.3883,0.6117,0,1,0
278513,J. Tell,21,5,1,0.8496,0.1504,0,0,1
14707,C. Pizarro,40,15,1,2.0383,-1.0383,0,0,1
22377,I. M'baye,24,7,1,1.1001,-0.1001,1,0,0
278813,S. Bastien,22,14,1,0.5944,0.4056,0,1,0
14716,J. Boateng,30,11,1,1.2919,-0.2919,1,0,0
14718,Rafinha,33,7,1,0.3411,0.6589,0,1,0
22185,B. Martella,26,22,1,0.9749,0.0251,0,1,0
22163,S. Missiroli,32,23,1,1.7280,-0.7280,1,0,0
279533,Mario Hermoso,23,9,1,1.2198,-0.2198,1,0,0
15192,N. M\u00fcller,31,1,1,0.0836,0.9164,0,1,0
22135,P. Iemmello,26,21,1,2.9617,-1.9617,0,1,0
22107,M\u00e1rio Rui,27,5,1,0.1103,0.8897,0,1,0
15188,J. Baumgartlinger,30,10,1,0.9488,0.0512,0,1,0
279555,Iv\u00e1n Alejo,23,14,1,0.5261,0.4739,0,1,0
286963,Vesga,25,7,1,0.5874,0.4126,0,1,0
22889,D. Zappacosta,26,24,1,1.3393,-0.3393,0,0,1
344178,P. Retsos,20,10,1,1.1106,-0.1106,0,1,0
279571,Jon Bautista,23,5,1,0.8404,0.1596,0,0,1
15254,A. Meier,35,1,1,0.1592,0.8408,0,0,1
9283,H. Arter,29,11,1,0.3926,0.6074,0,0,1
9285,C. Daniels,32,17,1,0.7625,0.2375,0,1,0
275384,Jorge Mer\u00e9,21,3,1,0.5411,0.4589,1,0,0
25444,K. Coulibaly,27,7,1,0.4451,0.5549,0,1,0
346101,T. Alexander-Arnold,20,10,1,0.6045,0.3955,0,1,0
25439,T. Motta,36,5,1,0.5609,0.4391,0,0,1
20505,S. Okaka,29,7,1,1.0450,-0.0450,1,0,0
25433,M. Bodmer,36,6,1,0.4883,0.5117,0,1,0
25430,M. Sakho,28,2,1,0.6484,0.3516,0,0,1
345707,B. \u00d6zcan,20,11,1,1.5590,-0.5590,0,1,0
344864,C. S\u00f6y\u00fcnc\u00fc,22,8,1,1.8245,-0.8245,1,0,0
25407,C. Grenier,27,11,1,1.0121,-0.0121,0,1,0
25406,Y. Gourcuff,32,7,1,0.5106,0.4894,0,0,1
9623,R. Brady,26,18,1,1.3217,-0.3217,0,0,1
25397,S. Umtiti,25,7,1,0.5712,0.4288,1,0,0
15278,C. Clemens,27,15,1,1.0606,-0.0606,0,1,0
10108,K. Long,28,7,1,1.6526,-0.6526,1,0,0
20523,R. \u00c1lvarez,30,7,1,0.3910,0.6090,0,1,0
15276,M. Weiser,24,15,1,1.0963,-0.0963,0,1,0
25392,B. Kon\u00e9,30,10,1,1.3247,-0.3247,1,0,0
10113,A. Benali,26,5,1,0.8788,0.1212,1,0,0
339791,\u00c1lex Berenguer,23,14,1,0.8619,0.1381,0,1,0
344744,J. Ikon\u00e9,20,15,1,1.1852,-0.1852,0,1,0
11095,M. Veljkovic,23,4,1,0.5936,0.4064,0,1,0
327009,Walace,23,17,1,0.8822,0.1178,0,1,0
286915,F. Eboa Eboa,21,7,1,0.5956,0.4044,1,0,0
344075,I\u00f1igo C\u00f3rdoba,21,18,1,1.1388,-0.1388,0,1,0
25470,S. Prci\u0107,25,17,1,0.5073,0.4927,0,0,1
281255,E. Mor,21,12,1,0.6663,0.3337,0,1,0
20842,F. Peluso,34,10,1,1.6106,-0.6106,1,0,0
14804,J. B\u0142aszczykowski,33,1,1,0.1422,0.8578,0,1,0
20850,L. Cigarini,32,17,1,0.5245,0.4755,0,1,0
21169,B. D\u017eemaili,32,13,1,1.0745,-0.0745,0,1,0
14923,M. Russ,33,6,1,0.9245,0.0755,1,0,0
20866,D. Astori,31,9,1,1.3531,-0.3531,0,1,0
21164,F. Fern\u00e1ndez,29,8,1,1.1854,-0.1854,1,0,0
14917,R. Knoche,26,4,1,0.6423,0.3577,1,0,0
337960,M. Richter,21,12,1,1.1215,-0.1215,0,0,1
20911,P. Schiattarella,31,20,1,0.7828,0.2172,0,1,0
21160,M. Britos,33,4,1,0.8500,0.1500,1,0,0
20928,Felipe,34,14,1,2.8327,-1.8327,0,1,0
14903,T. Rinc\u00f3n,30,18,1,0.9450,0.0550,0,0,1
340646,B. Pavard,22,10,1,0.9972,0.0028,1,0,0
285457,H. Ma\u00efga,22,6,1,0.2731,0.7269,0,1,0
14855,B. H\u00f6wedes,30,2,1,0.9417,0.0583,1,0,0
21100,A. Ogbonna,30,6,1,0.8878,0.1122,1,0,0
14857,K. Papadopoulos,26,18,1,2.0221,-1.0221,1,0,0
20935,R\u00f4mulo,31,21,1,1.9779,-0.9779,0,1,0
284315,M. Rog,23,5,1,0.4307,0.5693,0,0,1
20938,V. Behrami,33,9,1,0.5304,0.4696,0,0,1
14900,G. Ka\u010dar,31,3,1,0.8254,0.1746,1,0,0
14870,J. Matip,27,11,1,1.8823,-0.8823,0,1,0
21006,L. Tonelli,28,3,1,0.2143,0.7857,1,0,0
20943,R. Montolivo,33,12,1,0.6985,0.3015,0,1,0
341751,Marc Navarro,23,15,1,0.7016,0.2984,0,1,0
14990,F. Diagne,29,12,1,0.9894,0.0106,0,1,0
21842,C. Biraghi,26,23,1,1.3985,-0.3985,0,1,0
21315,Jorginho,27,15,1,1.2424,-0.2424,0,1,0
344068,Unai N\u00fa\u00f1ez,21,11,1,1.7770,-0.7770,0,1,0
15178,S. Bell,27,10,1,1.2671,-0.2671,1,0,0
14772,D. da Costa,25,10,1,1.0935,-0.0935,1,0,0
279734,V. Koziello,23,7,1,0.5026,0.4974,0,0,1
20662,S. Pellissier,39,8,1,1.9842,-0.9842,0,1,0
21564,I. Radovanovi\u0107,30,27,1,0.5934,0.4066,0,0,1
21550,Gabriel Silva,27,12,1,1.2357,-0.2357,0,0,1
21528,F. Ceccherini,26,15,1,2.4516,-1.4516,0,0,1
20677,A. Raggi,34,5,1,0.7812,0.2188,0,0,1
20685,R. Krhin,28,12,1,2.0619,-1.0619,1,0,0
286831,D. Solanke,21,23,1,3.4581,-2.4581,0,1,0
21415,A. Brignoli,27,1,1,0.2248,0.7752,1,0,0
14786,K. Bellarabi,28,40,1,2.6786,-1.6786,0,1,0
15014,O. Wendt,33,15,1,1.3541,-0.3541,1,0,0
20749,A. Bertolacci,27,16,1,1.1788,-0.1788,0,1,0
15010,Dante,35,15,1,3.3213,-2.3213,0,1,0
286448,M. Arambarri,23,21,1,1.6468,-0.6468,0,1,0
14789,A. Sch\u00fcrrle,28,32,1,3.3533,-2.3533,0,1,0
14795,M. Hummels,30,23,1,2.8508,-1.8508,1,0,0
337682,F. Uduokhai,21,4,1,0.7211,0.2789,1,0,0
20811,M. Silvestre,34,12,1,2.4283,-1.4283,0,1,0
20812,A. Acquah,26,9,1,0.5412,0.4588,0,1,0
20815,A. Barberis,25,15,1,0.9169,0.0831,0,1,0
20816,\u00c9. Barreto,34,17,1,1.0541,-0.0541,1,0,0
21322,M. D'Alessandro,27,18,1,1.3121,-0.3121,0,1,0
15430,N. H\u00f6fler,28,9,1,0.8531,0.1469,0,0,1
24838,G. Letizia,28,21,1,0.7484,0.2516,0,1,0
292654,M. Diakhaby,22,3,1,0.6318,0.3682,1,0,0
25641,K. Mangane,35,14,1,2.4735,-1.4735,0,1,0
269490,F. Kath,24,14,1,1.2747,-0.2747,0,1,0
20390,I. Abate,32,4,1,0.3032,0.6968,0,1,0
25786,D. Congr\u00e9,33,8,1,1.0869,-0.0869,0,1,0
8433,S. Ward,33,6,1,0.8438,0.1562,0,1,0
20394,Thiago Silva,34,8,1,0.8355,0.1645,1,0,0
8460,A. Smith,27,12,1,0.5789,0.4211,0,1,0
20395,M. De Sciglio,26,5,1,0.1788,0.8212,0,1,0
8464,F. Delph,29,10,1,0.2590,0.7410,0,0,1
25492,T. Monconduit,27,27,1,1.0129,-0.0129,0,0,1
8495,D. Drinkwater,28,6,1,0.2697,0.7303,0,1,0
352986,K. Amian,20,15,1,0.8944,0.1056,0,1,0
352328,E. Demirovi\u0107,20,5,1,0.7396,0.2604,0,1,0
15811,S. Rudy,28,17,1,0.9512,0.0488,0,1,0
8530,J. McClean,29,27,1,2.0005,-1.0005,0,1,0
8533,S. Sess\u00e8gnon,34,17,1,1.1958,-0.1958,0,1,0
296341,Bernardo,23,11,1,0.7677,0.2323,0,1,0
302542,Nacho Vidal,23,3,1,0.1964,0.8036,0,1,0
25704,F. Balmont,38,5,1,0.1856,0.8144,0,1,0
15804,F. Johnson,31,4,1,0.5640,0.4360,0,0,1
15798,A. Beck,31,7,1,0.3818,0.6182,0,0,1
272338,L. Kl\u00fcnter,22,16,1,1.4387,-0.4387,0,0,1
20422,Maxi L\u00f3pez,34,27,1,3.5996,-2.5996,0,1,0
272378,P. Stenzel,22,14,1,0.7075,0.2925,0,1,0
269189,B. Kapustka,22,4,1,0.1379,0.8621,0,1,0
25798,E. Capoue,30,23,1,1.1214,-0.1214,0,1,0
8374,J. Morrison,32,4,1,0.6198,0.3802,0,1,0
25888,F. Fajr,30,18,1,0.9528,0.0472,0,1,0
25942,G. Imbula,26,27,1,1.4300,-0.4300,0,1,0
16609,D. Blum,27,2,1,0.5212,0.4788,0,1,0
16826,R. Khedira,24,12,1,1.4417,-0.4417,1,0,0
16843,D. Heintz,25,9,1,0.9384,0.0616,0,1,0
8287,L. Modri\u0107,33,36,1,2.5692,-1.5692,0,1,0
16884,J. Korb,26,11,1,1.2808,-0.2808,0,0,1
8290,A. Pritchard,25,17,1,1.0378,-0.0378,0,0,1
8291,Sandro,29,15,1,0.9119,0.0881,1,0,0
17136,J. Gondorf,30,14,1,1.3705,-0.3705,0,1,0
8307,V. Kompany,32,7,1,1.2638,-0.2638,1,0,0
25885,M. Wagu\u00e9,27,3,1,0.6654,0.3346,0,1,0
25804,M. Sissoko,29,17,1,2.5551,-1.5551,0,0,1
300784,Jorge,22,7,1,0.2414,0.7586,0,1,0
267134,R. Mart\u00ednez,24,11,1,0.9924,0.0076,1,0,0
354552,S. Edera,21,8,1,0.6034,0.3966,0,1,0
8314,G. Barry,37,13,1,1.1292,-0.1292,0,1,0
299557,\u00c1. Nagy,23,1,1,0.1951,0.8049,0,0,1
25854,K. Zouma,24,21,1,2.4235,-1.4235,1,0,0
25829,P. Lasne,29,45,1,1.5458,-0.5458,0,1,0
352993,Y. Karamoh,20,20,1,1.8068,-0.8068,0,0,1
18982,N. Schulz,25,15,1,0.9041,0.0959,0,1,0
19720,M. Gulde,27,8,1,1.2036,-0.2036,0,0,1
272434,W. Anton,22,21,1,2.1461,-1.1461,0,1,0
271990,L. H\u00f6ler,24,11,1,1.8503,-0.8503,0,1,0
339789,Mikel Merino,22,15,1,0.8130,0.1870,1,0,0
302550,Brais M\u00e9ndez,21,21,1,2.2471,-1.2471,0,1,0
295176,R. Gosens,24,10,1,1.1727,-0.1727,0,1,0
9194,Y. Bolasie,29,18,1,1.9529,-0.9529,0,1,0
20438,D. De Rossi,35,10,1,1.0072,-0.0072,0,1,0
25514,P. Ntep,26,11,1,0.5163,0.4837,0,1,0
15775,P. Verhaegh,35,3,1,0.7583,0.2417,0,1,0
346913,G. Mancini,22,4,1,1.0980,-0.0980,1,0,0
9097,L. Dunk,27,23,1,3.1840,-2.1840,0,1,0
20472,S. Padoin,34,16,1,1.0718,-0.0718,0,0,1
25589,L. San\u00e9,31,3,1,0.5365,0.4635,0,0,1
347593,S. Ingelsson,20,5,1,0.4822,0.5178,0,0,1
20448,F. Viviani,26,32,1,1.4097,-0.4097,0,1,0
275121,J. Torunarigha,21,2,1,1.0386,-0.0386,1,0,0
8955,D. Ings,26,8,1,1.4705,-0.4705,0,0,1
274488,J. Lolley,26,3,1,0.2644,0.7356,0,1,0
292991,M. Lemos,23,13,1,0.7944,0.2056,0,0,1
25504,S. Me\u00eft\u00e9,24,9,1,1.3835,-0.3835,0,1,0
293686,J. Murphy,23,23,1,2.0441,-1.0441,0,1,0
350569,L. \u0160imi\u0107,22,2,1,0.1158,0.8842,1,0,0
20476,M. Borriello,36,8,1,0.7136,0.2864,0,0,1
8731,R. Shawcross,31,19,1,2.9587,-1.9587,1,0,0
520163,Barri,23,1,0,0.0957,-0.0957,0,0,0
299154,S. Moutoussamy,22,5,0,0.2387,-0.2387,0,0,0
426702,H. Mendyl,21,3,0,0.1280,-0.1280,0,0,0
337799,A. Ouahim,21,1,0,0.1113,-0.1113,0,0,0
228963,H. Traor\u00e9,26,14,0,0.5056,-0.5056,0,0,0
225022,Rub\u00e9n Duarte,23,7,0,0.4025,-0.4025,0,0,0
437011,H. Mahou,19,1,0,0.0299,-0.0299,0,0,0
224965,R. Framberger,23,1,0,0.0431,-0.0431,0,0,0
337775,F. Reese,21,4,0,0.3684,-0.3684,0,0,0
209207,J. Obiang,25,2,0,0.1135,-0.1135,0,0,0
337732,C. Teuchert,21,5,0,0.5329,-0.5329,0,0,0
442211,A. Sabiri,22,5,0,0.2390,-0.2390,0,0,0
217052,R. Steffen,27,4,0,0.7208,-0.7208,0,0,0
476054,M. \u0106avar,20,1,0,0.0247,-0.0247,0,0,0
471774,T. Weah,18,2,0,0.3607,-0.3607,0,0,0
443324,Douglas Luiz,20,10,0,0.5949,-0.5949,0,0,0
545811,Hugo Duro,19,1,0,0.0555,-0.0555,0,0,0
291528,D. Lukebakio,21,1,0,0.0213,-0.0213,0,0,0
339192,M. Vitale,21,2,0,0.2067,-0.2067,0,0,0
209211,J. Nkololo,26,16,0,1.9425,-1.9425,0,0,0
302518,L. Cook,21,18,0,0.5817,-0.5817,0,0,0
298385,Borja Herrera,25,1,0,0.0282,-0.0282,0,0,0
471771,I. Faraj,19,4,0,0.1967,-0.1967,0,0,0
301013,J. Gelin,21,4,0,0.3147,-0.3147,0,0,0
300373,A. Barreca,23,1,0,0.0163,-0.0163,0,0,0
415809,F. Depaoli,21,4,0,0.2715,-0.2715,0,0,0
209014,F. Boulaya,25,3,0,0.0828,-0.0828,0,0,0
424624,O. Etebo,23,18,0,0.6571,-0.6571,0,0,0
424241,N. Milenkovi\u0107,21,9,0,1.0997,-1.0997,0,0,0
419784,H. Choudhury,21,2,0,0.0432,-0.0432,0,0,0
520774,E. Salcedo,17,2,0,0.2313,-0.2313,0,0,0
228768,J. Tah,22,6,0,0.5661,-0.5661,0,0,0
217872,J. Iloki,26,10,0,0.8052,-0.8052,0,0,0
425926,A. Maier,19,12,0,0.4757,-0.4757,0,0,0
292310,L. Mazzitelli,23,13,0,0.8464,-0.8464,0,0,0
285509,I. Success,22,9,0,1.0421,-1.0421,0,0,0
417231,C. Adjapong,20,13,0,0.6944,-0.6944,0,0,0
326535,Toni Lato,21,1,0,0.1645,-0.1645,0,0,0
472126,J. Serrano,20,1,0,0.0230,-0.0230,0,0,0
210044,E. Dier,24,29,0,2.6321,-2.6321,0,0,0
326946,R. Coly,23,2,0,0.0995,-0.0995,0,0,0
286226,M. Locatelli,20,11,0,0.3162,-0.3162,0,0,0
300669,A. Bali\u0107,21,15,0,0.5922,-0.5922,0,0,0
337890,M. Mittelst\u00e4dt,21,9,0,0.2671,-0.2671,0,0,0
300830,A. Ounas,22,5,0,0.1864,-0.1864,0,0,0
217878,L. Diony,26,12,0,1.1840,-1.1840,0,0,0
471947,F. Evina,18,3,0,0.1055,-0.1055,0,0,0
286382,C. Michelin,21,1,0,0.0182,-0.0182,0,0,0
285727,L. Dimata,21,10,0,1.1127,-1.1127,0,0,0
450826,C. Hudson-Odoi,18,2,0,0.0861,-0.0861,0,0,0
211853,R\u00faben Vezo,24,3,0,0.4838,-0.4838,0,0,0
444439,V. Janji\u010di\u0107,20,2,0,0.0649,-0.0649,0,0,0
286917,F. Tour\u00e9,21,3,0,0.1784,-0.1784,0,0,0
222770,N\u00e9lson Semedo,25,3,0,0.1134,-0.1134,0,0,0
449921,B. Jatta,20,3,0,0.5001,-0.5001,0,0,0
297733,S. McQueen,23,1,0,0.0290,-0.0290,0,0,0
212651,C. Musonda,22,2,0,0.1695,-0.1695,0,0,0
222766,Bruno Gaspar,25,1,0,0.0253,-0.0253,0,0,0
461671,G. Volpicelli,19,1,0,0.0251,-0.0251,0,0,0
221452,V. Grifo,25,11,0,0.6433,-0.6433,0,0,0
287003,Benito Ram\u00edrez,23,1,0,0.0232,-0.0232,0,0,0
297701,P. Ochs,21,4,0,0.3006,-0.3006,0,0,0
221376,M. Steinmann,23,3,0,0.2898,-0.2898,0,0,0
489488,Mart\u00edn,22,4,0,0.1817,-0.1817,0,0,0
487983,D. Lempereur,20,1,0,0.0446,-0.0446,0,0,0
213948,R. de Paul,24,45,0,2.7749,-2.7749,0,0,0
331918,D. Bahamboula,23,1,0,0.0450,-0.0450,0,0,0
449985,A. Gouiri,18,3,0,0.1268,-0.1268,0,0,0
454388,B. Mbeumo,19,3,0,0.0769,-0.0769,0,0,0
220341,R. Chibsah,25,7,0,0.8773,-0.8773,0,0,0
330395,G. Hein,22,1,0,0.0301,-0.0301,0,0,0
289359,Y. A\u00eft Bennasser,22,23,0,0.6596,-0.6596,0,0,0
214628,J. Amavi,24,20,0,0.5980,-0.5980,0,0,0
328488,P. Burner,22,2,0,0.0698,-0.0698,0,0,0
485383,\u00c1lex Mula,22,18,0,1.1412,-1.1412,0,0,0
289122,R. Karsdorp,23,1,0,0.0208,-0.0208,0,0,0
450784,\u00d3scar Melendo,21,6,0,0.6364,-0.6364,0,0,0
328336,M. Fares,22,33,0,1.7246,-1.7246,0,0,0
295569,Ot\u00e1vio,24,11,0,0.2978,-0.2978,0,0,0
471348,W. McKennie,20,10,0,1.4232,-1.4232,0,0,0
448708,H. Barnes,21,1,0,0.0773,-0.0773,0,0,0
294695,T. Ndomb\u00e8l\u00e9,22,31,0,1.7590,-1.7590,0,0,0
215281,A. Mbengue,25,15,0,0.6188,-0.6188,0,0,0
337225,R. Aarons,23,4,0,0.2624,-0.2624,0,0,0
286506,M. Udol,22,1,0,0.0108,-0.0108,0,0,0
288865,O. McBurnie,22,3,0,0.3400,-0.3400,0,0,0
290119,M. Niakhat\u00e9,22,17,0,2.1645,-2.1645,0,0,0
215869,M. Bani,25,3,0,0.4246,-0.4246,0,0,0
211885,Andr\u00e9 Gomes,25,6,0,0.4840,-0.4840,0,0,0
335763,J. Sambia,22,23,0,0.8518,-0.8518,0,0,0
286825,J. Kenny,21,2,0,0.0743,-0.0743,0,0,0
334817,L. Boy\u00e9,22,8,0,1.0657,-1.0657,0,0,0
303357,P. Billing,22,7,0,0.1735,-0.1735,0,0,0
334720,R. Bensebaini,23,15,0,1.2068,-1.2068,0,0,0
293857,Nano,23,5,0,0.5710,-0.5710,0,0,0
298212,Dalbert,25,6,0,0.1204,-0.1204,0,0,0
482491,Z. Youssouf,19,3,0,0.1614,-0.1614,0,0,0
224206,S. Byram,25,3,0,0.3465,-0.3465,0,0,0
331923,K. N'Doram,22,3,0,0.2454,-0.2454,0,0,0
212604,T. Jedvaj,23,3,0,0.2022,-0.2022,0,0,0
224080,G. Marip\u00e1n,24,2,0,0.2618,-0.2618,0,0,0
289827,K. Bonifazi,22,1,0,0.0505,-0.0505,0,0,0
293862,Nacho Gil,23,9,0,0.5725,-0.5725,0,0,0
302798,F. Cassata,21,3,0,0.1686,-0.1686,0,0,0
297957,M. Akanji,23,5,0,0.3342,-0.3342,0,0,0
223560,L. \u00d6ztunali,22,25,0,1.8519,-1.8519,0,0,0
302520,J. Sims,21,10,0,0.5955,-0.5955,0,0,0
448127,C. F\u00fchrich,20,1,0,0.0210,-0.0210,0,0,0
223516,R. Bauer,23,2,0,0.0390,-0.0390,0,0,0
447812,T. Edwards,19,1,0,0.0205,-0.0205,0,0,0
356903,S. \u00d6zcan,20,15,0,1.2432,-1.2432,0,0,0
284960,L. Venuti,23,3,0,0.2640,-0.2640,0,0,0
347205,W. Kanga,20,2,0,0.0713,-0.0713,0,0,0
370224,R. Holding,23,1,0,0.1592,-0.1592,0,0,0
275293,Samu Garc\u00eda,28,2,0,0.0451,-0.0451,0,0,0
368340,S. Lo Faso,20,2,0,0.0663,-0.0663,0,0,0
255320,Boschilia,22,3,0,0.2913,-0.2913,0,0,0
255387,C. Salcedo,25,5,0,0.2506,-0.2506,0,0,0
255670,C. Lombardi,23,16,0,1.5393,-1.5393,0,0,0
347024,G. Scamacca,19,3,0,0.0567,-0.0567,0,0,0
255732,P. Lienhart,22,1,0,0.0419,-0.0419,0,0,0
274345,S. Koita,24,3,0,0.3138,-0.3138,0,0,0
255738,J. Lerma,24,27,0,1.7253,-1.7253,0,0,0
284524,J. Horn,21,2,0,0.0702,-0.0702,0,0,0
255935,I. Brown,21,2,0,0.1447,-0.1447,0,0,0
274344,B. Santamaria,23,17,0,0.4592,-0.4592,0,0,0
349099,O. Mangala,20,11,0,0.3933,-0.3933,0,0,0
349102,S. Omeonga,22,13,0,0.9962,-0.9962,0,0,0
256478,D. Cataldi,24,31,0,1.9252,-1.9252,0,0,0
272878,A. Nalini,28,21,0,1.1795,-1.1795,0,0,0
256634,Y. Mina,24,3,0,0.5287,-0.5287,0,0,0
256706,L. Phiri,24,6,0,0.3462,-0.3462,0,0,0
272435,T. H\u00fcbers,22,4,0,0.3721,-0.3721,0,0,0
346908,A. Murgia,22,11,0,1.1600,-1.1600,0,0,0
372547,G. Nyamsi,21,1,0,0.1913,-0.1913,0,0,0
254188,Mat\u00edas Nahuel,22,2,0,0.1191,-0.1191,0,0,0
346158,E. Nketiah,19,1,0,0.0956,-0.0956,0,0,0
379209,D. Rice,19,4,0,0.2375,-0.2375,0,0,0
377757,Lyanco,21,1,0,0.0201,-0.0201,0,0,0
277002,F. Diabat\u00e9,23,6,0,0.5520,-0.5520,0,0,0
376908,A. Jallow,20,2,0,0.1451,-0.1451,0,0,0
376362,Luiz Felipe,21,2,0,0.4393,-0.4393,0,0,0
373817,E. Massouema,21,1,0,0.0129,-0.0129,0,0,0
248632,J. Domp\u00e9,23,1,0,0.0815,-0.0815,0,0,0
373768,R. Orsolini,21,7,0,0.6829,-0.6829,0,0,0
249926,A. Confais,22,2,0,0.1934,-0.1934,0,0,0
276979,F. Mendy,23,18,0,1.0286,-1.0286,0,0,0
373713,Christian Rivera,21,2,0,0.0503,-0.0503,0,0,0
373636,V. Sierro,23,4,0,0.1956,-0.1956,0,0,0
250899,Carlos Vigaray,24,3,0,0.3848,-0.3848,0,0,0
252365,D. Yedlin,25,6,0,0.2695,-0.2695,0,0,0
345740,Pedro Pereira,20,2,0,0.2073,-0.2073,0,0,0
275497,Gerard Valent\u00edn,25,2,0,0.1018,-0.1018,0,0,0
252589,B. Petkovi\u0107,24,11,0,1.5029,-1.5029,0,0,0
253551,W. Montoya,25,1,0,0.0300,-0.0300,0,0,0
346071,O. Burke,21,4,0,0.6114,-0.6114,0,0,0
272363,M. Dahoud,22,25,0,1.4724,-1.4724,0,0,0
350976,B. Chilwell,22,6,0,0.2919,-0.2919,0,0,0
350992,S. Umar,21,2,0,0.1325,-0.1325,0,0,0
263105,Pablo Maffeo,21,24,0,1.2212,-1.2212,0,0,0
365880,D. Kamada,22,2,0,0.1333,-0.1333,0,0,0
365441,R. van Drongelen,20,4,0,0.5740,-0.5740,0,0,0
263591,A. Deiola,23,9,0,0.8756,-0.8756,0,0,0
364870,Adri\u00e1n Di\u00e9guez,22,3,0,0.0664,-0.0664,0,0,0
268776,W. Hoedt,24,14,0,2.3923,-2.3923,0,0,0
354123,Pol Lirola,21,7,0,0.2215,-0.2215,0,0,0
268180,R. Baji\u0107,24,2,0,0.2632,-0.2632,0,0,0
263802,Y. Tielemans,21,26,0,1.5048,-1.5048,0,0,0
263803,T. Castagne,23,8,0,0.6997,-0.6997,0,0,0
355937,M. Holgate,22,6,0,0.6915,-0.6915,0,0,0
265318,E. Fernandes,22,7,0,0.3725,-0.3725,0,0,0
265366,W. Ndidi,22,37,0,2.2384,-2.2384,0,0,0
266312,E. Cecchini,22,1,0,0.0217,-0.0217,0,0,0
364005,F. Valverde,20,18,0,1.1061,-1.1061,0,0,0
363648,J. Villalba,20,1,0,0.1952,-0.1952,0,0,0
361807,R. Bentancur,21,5,0,0.1304,-0.1304,0,0,0
266286,Marlon,23,5,0,0.5953,-0.5953,0,0,0
356928,T. Handwerker,20,8,0,0.2845,-0.2845,0,0,0
265864,N. Maksimovi\u0107,23,6,0,0.5012,-0.5012,0,0,0
263432,F. Vicari,24,8,0,0.7049,-0.7049,0,0,0
269188,P. Jaroszy\u0144ski,24,1,0,0.0562,-0.0562,0,0,0
257750,Thiago Maia,21,17,0,0.6861,-0.6861,0,0,0
262384,L. Vido,21,3,0,0.3429,-0.3429,0,0,0
257762,D. S\u00e1nchez,22,6,0,0.6669,-0.6669,0,0,0
366571,F. Maouassa,20,13,0,0.5292,-0.5292,0,0,0
366563,V. Selimovic,21,2,0,0.0587,-0.0587,0,0,0
351851,Vagner,22,3,0,0.2085,-0.2085,0,0,0
257899,J. Gomez,21,5,0,0.1915,-0.1915,0,0,0
258162,Renato Sanches,21,8,0,0.2691,-0.2691,0,0,0
272280,G. Gaudino,22,1,0,0.0156,-0.0156,0,0,0
366542,J. Reine-Adelaide,20,4,0,0.2404,-0.2404,0,0,0
366401,A. Zambo Anguissa,23,33,0,1.9958,-1.9958,0,0,0
258253,B. Henrichs,21,19,0,0.8663,-0.8663,0,0,0
270866,Diego Carlos,25,14,0,1.7122,-1.7122,0,0,0
258263,V. Jovanovi\u0107,22,4,0,0.4829,-0.4829,0,0,0
366203,J. Eggestein,20,1,0,0.1584,-0.1584,0,0,0
259524,S. Moore,22,3,0,0.1617,-0.1617,0,0,0
270828,G. N'Koudou,23,4,0,0.2583,-0.2583,0,0,0
352992,J. Makengo,20,3,0,0.2961,-0.2961,0,0,0
259946,A. Pe\u00f1aranda,21,19,0,0.8855,-0.8855,0,0,0
260250,Wallace,24,10,0,0.5656,-0.5656,0,0,0
366193,B. Risa,20,1,0,0.1060,-0.1060,0,0,0
278007,F. Ricca,24,4,0,0.4267,-0.4267,0,0,0
278049,E. Cabaco,23,1,0,0.1108,-0.1108,0,0,0
344132,T. Hern\u00e1ndez,21,2,0,0.1937,-0.1937,0,0,0
282799,S. Posch,21,2,0,0.1989,-0.1989,0,0,0
231138,P. Kimpembe,23,11,0,2.0874,-2.0874,0,0,0
404216,B. Kamara,19,2,0,0.5126,-0.5126,0,0,0
232822,A. Masina,24,15,0,1.2781,-1.2781,0,0,0
404209,Han Kwang-Song,20,2,0,0.5497,-0.5497,0,0,0
282550,F. Hadergjonaj,24,8,0,0.4030,-0.4030,0,0,0
234138,J. Repas,21,18,0,0.7224,-0.7224,0,0,0
282448,Aleix Garc\u00eda,21,7,0,0.1492,-0.1492,0,0,0
282438,Aar\u00f3n,21,5,0,0.1836,-0.1836,0,0,0
403449,Rog\u00e9rio,20,3,0,0.0776,-0.0776,0,0,0
282194,L. B\u00e9nes,21,1,0,0.0310,-0.0310,0,0,0
341752,Marc Roca,22,4,0,0.1378,-0.1378,0,0,0
403273,V. Osimhen,20,7,0,0.9715,-0.9715,0,0,0
402898,S. Miangue,21,3,0,0.0892,-0.0892,0,0,0
402017,B. Gyamfi,22,3,0,0.1745,-0.1745,0,0,0
235597,T. Baumgartl,22,6,0,1.1513,-1.1513,0,0,0
402014,N. Zanellato,20,2,0,0.0705,-0.0705,0,0,0
280419,H. Hateboer,24,24,0,2.1975,-2.1975,0,0,0
356908,D. Burnic,20,7,0,0.2280,-0.2280,0,0,0
341973,N. Mukiele,21,19,0,1.3471,-1.3471,0,0,0
404219,M. Cuisance,19,21,0,1.3752,-1.3752,0,0,0
404227,E. Taha,19,1,0,0.0476,-0.0476,0,0,0
399514,T. Campbell,19,2,0,0.2570,-0.2570,0,0,0
404285,V\u00edctor L\u00f3pez,21,1,0,0.0813,-0.0813,0,0,0
413737,S. Ascac\u00edbar,21,10,0,0.3195,-0.3195,0,0,0
284476,N. Vla\u0161i\u0107,21,5,0,0.4479,-0.4479,0,0,0
413041,J. El Yamiq,26,1,0,0.0234,-0.0234,0,0,0
339964,Y. Salmier,26,2,0,0.4336,-0.4336,0,0,0
412701,I. Sacko,21,12,0,1.0147,-1.0147,0,0,0
229119,N. Gandi,24,2,0,0.0741,-0.0741,0,0,0
410055,Rober,23,7,0,0.9056,-0.9056,0,0,0
283832,F. Romagna,21,3,0,0.0634,-0.0634,0,0,0
229427,A. Djiku,24,13,0,1.1636,-1.1636,0,0,0
408293,Javi Ontiveros,21,6,0,0.2420,-0.2420,0,0,0
407699,D. Avounou,21,5,0,0.4409,-0.4409,0,0,0
340476,R. Oxford,20,3,0,0.3475,-0.3475,0,0,0
230857,Yeray,23,1,0,0.0670,-0.0670,0,0,0
230862,Lekue,25,18,0,0.9095,-0.9095,0,0,0
405608,A. Pinamonti,19,2,0,0.1513,-0.1513,0,0,0
282804,K. Laimer,21,5,0,0.2316,-0.2316,0,0,0
405597,A. Bastoni,19,1,0,0.0428,-0.0428,0,0,0
230895,Pere Pons,25,13,0,0.9687,-0.9687,0,0,0
404397,Brahim Diaz,19,3,0,0.3632,-0.3632,0,0,0
399599,A. Isak,19,4,0,0.4952,-0.4952,0,0,0
397303,Ferr\u00e1n Torres,18,2,0,0.3604,-0.3604,0,0,0
247212,Rafa Navarro,24,1,0,0.0562,-0.0562,0,0,0
240559,J. Riedewald,22,1,0,0.0704,-0.0704,0,0,0
241676,R. Gagliardini,24,22,0,2.0669,-2.0669,0,0,0
393881,H. Toledo,22,2,0,0.2167,-0.2167,0,0,0
393284,C. Traor\u00e9,26,10,0,0.6673,-0.6673,0,0,0
279545,L. Hern\u00e1ndez,22,3,0,0.3173,-0.3173,0,0,0
393228,M. Sarr,19,6,0,0.5754,-0.5754,0,0,0
393214,V. Rosier,22,15,0,0.8290,-0.8290,0,0,0
279538,Marcos Llorente,23,6,0,0.1840,-0.1840,0,0,0
278913,J. Kayembe,24,1,0,0.0243,-0.0243,0,0,0
391643,P. Jaeckel,20,2,0,0.0880,-0.0880,0,0,0
278867,S. Janko,23,5,0,0.0942,-0.0942,0,0,0
391606,T. Ito,21,12,0,0.7707,-0.7707,0,0,0
391449,K. Jakob,20,1,0,0.1579,-0.1579,0,0,0
246633,M. Zaccagni,23,2,0,0.2993,-0.2993,0,0,0
391441,M. Friedl,20,5,0,0.3474,-0.3474,0,0,0
391387,A. Barkok,20,3,0,0.1350,-0.1350,0,0,0
388832,Julio Gracia,20,1,0,0.0333,-0.0333,0,0,0
278289,Odriozola,23,9,0,0.5333,-0.5333,0,0,0
388398,G. Pezzella,21,7,0,0.1572,-0.1572,0,0,0
388099,E. Bearzotti,22,4,0,0.0846,-0.0846,0,0,0
241564,O. Zinchenko,22,5,0,0.1004,-0.1004,0,0,0
279556,A. San\u00e9,23,1,0,0.0198,-0.0198,0,0,0
397174,S. McTominay,22,1,0,0.0414,-0.0414,0,0,0
240070,H. Winks,22,3,0,0.0693,-0.0693,0,0,0
397168,T. Fosu-Mensah,20,8,0,0.3298,-0.3298,0,0,0
397098,R. Nelson,19,2,0,0.0958,-0.0958,0,0,0
237267,M. Gaji\u0107,22,1,0,0.0201,-0.0201,0,0,0
280116,J. Porsan-Clemente,21,1,0,0.0471,-0.0471,0,0,0
237269,S. Luki\u0107,22,2,0,0.0362,-0.0362,0,0,0
238832,L. Garritano,24,3,0,0.0906,-0.0906,0,0,0
342075,N. Haas,22,1,0,0.0414,-0.0414,0,0,0
239294,J. Mauri,22,1,0,0.1729,-0.1729,0,0,0
280115,M. Lopez,21,10,0,0.5786,-0.5786,0,0,0
239295,V. Parigini,22,21,0,0.8931,-0.8931,0,0,0
342743,L. Tousart,21,13,0,1.5761,-1.5761,0,0,0
343685,William,23,6,0,0.1291,-0.1291,0,0,0
239298,F. Bonazzoli,21,10,0,0.6436,-0.6436,0,0,0
239411,T. Mings,25,1,0,0.0225,-0.0225,0,0,0
239843,Z. Bakkali,22,23,0,1.6948,-1.6948,0,0,0
343729,R. Kent,22,8,0,0.4592,-0.4592,0,0,0
396616,R. Pierre-Gabriel,20,6,0,0.1748,-0.1748,0,0,0
279717,A. Maitland-Niles,21,5,0,0.3390,-0.3390,0,0,0
279709,K. Palmer,22,2,0,0.0966,-0.0966,0,0,0
399673,E. Rol\u00f3n,23,2,0,0.0743,-0.0743,0,0,0
36,T. Alderweireld,29,10,0,0.6677,-0.6677,0,0,0
208716,A. Sch\u00f6pf,24,8,0,0.5473,-0.5473,0,0,0
14688,S. Pr\u00f6dl,31,7,0,0.6754,-0.6754,0,0,0
14775,B. Oczipka,29,14,0,0.5976,-0.5976,0,0,0
14770,G. Castro,31,9,0,1.2079,-1.2079,0,0,0
14764,J. Schieber,29,1,0,0.1643,-0.1643,0,0,0
14758,I. Traor\u00e9,30,7,0,0.5711,-0.5711,0,0,0
14757,Z. Kuzmanovi\u0107,31,3,0,0.1196,-0.1196,0,0,0
14749,G. Sakai,27,17,0,0.8031,-0.8031,0,0,0
14745,C. Molinaro,35,2,0,0.1260,-0.1260,0,0,0
13451,C. Goldson,26,2,0,0.2735,-0.2735,0,0,0
20776,L. Rossettini,33,9,0,0.6973,-0.6973,0,0,0
11152,M. Demb\u00e9l\u00e9,31,11,0,0.5351,-0.5351,0,0,0
11078,T. Smith,26,8,0,0.1860,-0.1860,0,0,0
9622,L. Rosenior,34,2,0,0.0419,-0.0419,0,0,0
9532,S. Berahino,25,8,0,0.5040,-0.5040,0,0,0
9433,J. Tarkowski,26,12,0,1.5128,-1.5128,0,0,0
9403,C. Cathcart,29,2,0,0.2458,-0.2458,0,0,0
9380,J. Stones,24,9,0,1.5031,-1.5031,0,0,0
14778,\u00d6. Toprak,29,8,0,0.6480,-0.6480,0,0,0
14788,S. Kie\u00dfling,34,3,0,0.5547,-0.5547,0,0,0
14796,C. L\u00f6we,29,5,0,0.2332,-0.2332,0,0,0
14798,\u0141. Piszczek,33,17,0,1.5052,-1.5052,0,0,0
14929,M. Hasebe,34,2,0,0.1074,-0.1074,0,0,0
14922,R. Rodr\u00edguez,26,27,0,0.7291,-0.7291,0,0,0
14914,M. Hitz,31,1,0,0.2560,-0.2560,0,0,0
14905,P. Skjelbred,31,6,0,0.1369,-0.1369,0,0,0
14904,J. Sala,27,3,0,0.0634,-0.0634,0,0,0
14888,D. Diekmeier,29,4,0,0.5209,-0.5209,0,0,0
14887,J. Bruma,27,1,0,0.2090,-0.2090,0,0,0
14885,D. Aogo,31,12,0,1.2258,-1.2258,0,0,0
14866,Jurado,32,12,0,0.8149,-0.8149,0,0,0
14863,M. H\u00f6ger,29,8,0,1.0427,-1.0427,0,0,0
14853,C. Fuchs,32,11,0,0.5196,-0.5196,0,0,0
14852,Sergio Escudero,29,18,0,0.9597,-0.9597,0,0,0
14842,K. Vogt,27,4,0,0.6424,-0.6424,0,0,0
14802,M. Bakalorz,29,20,0,1.7119,-1.7119,0,0,0
14800,M. Schmelzer,30,4,0,0.2862,-0.2862,0,0,0
9293,M. Pugh,31,19,0,1.8282,-1.8282,0,0,0
9280,S. Malone,27,8,0,0.6936,-0.6936,0,0,0
9279,S. Francis,33,8,0,0.8996,-0.8996,0,0,0
8370,C. Brunt,34,16,0,0.5110,-0.5110,0,0,0
8324,Y. Tour\u00e9,35,2,0,0.1496,-0.1496,0,0,0
8319,J. Milner,32,20,0,1.4284,-1.4284,0,0,0
8315,N. de Jong,34,1,0,0.1085,-0.1085,0,0,0
8313,P. Zabaleta,33,5,0,0.5041,-0.5041,0,0,0
8311,S. Savi\u0107,27,1,0,0.0400,-0.0400,0,0,0
8306,A. Kolarov,33,36,0,1.0316,-1.0316,0,0,0
8292,D. Rose,28,8,0,0.6422,-0.6422,0,0,0
8284,A. Lennon,31,15,0,1.6072,-1.6072,0,0,0
8277,K. Walker,28,12,0,0.6876,-0.6876,0,0,0
8268,B. Assou-Ekotto,34,2,0,0.0434,-0.0434,0,0,0
8246,R. Barkley,25,2,0,0.4945,-0.4945,0,0,0
8245,P. Jagielka,36,5,0,0.8411,-0.8411,0,0,0
8242,S. Duffy,26,27,0,3.6772,-3.6772,0,0,0
8240,S. Coleman,30,4,0,0.8478,-0.8478,0,0,0
8239,L. Baines,34,3,0,0.3363,-0.3363,0,0,0
8336,K. Naughton,30,11,0,0.2879,-0.2879,0,0,0
8392,N. Clyne,27,1,0,0.0879,-0.0879,0,0,0
9179,N. Wells,28,3,0,0.4597,-0.4597,0,0,0
8488,W. Morgan,34,12,0,1.3316,-1.3316,0,0,0
8976,T. Carroll,26,14,0,0.6110,-0.6110,0,0,0
8945,K. Trippier,28,6,0,0.2045,-0.2045,0,0,0
8944,B. Mee,29,26,0,2.8271,-2.8271,0,0,0
8925,A. Westwood,28,8,0,0.6724,-0.6724,0,0,0
8899,A. Ka\u010danikli\u0107,27,2,0,0.2423,-0.2423,0,0,0
8897,J. Hogg,30,10,0,0.5284,-0.5284,0,0,0
8889,A. Mariappa,32,8,0,0.8923,-0.8923,0,0,0
8752,J. Walters,35,1,0,0.0456,-0.0456,0,0,0
8643,M. Lowton,29,3,0,0.0781,-0.0781,0,0,0
8627,B. Watson,33,1,0,0.0310,-0.0310,0,0,0
8624,J. McCarthy,28,1,0,0.1505,-0.1505,0,0,0
8582,A. Cresswell,29,14,0,0.8255,-0.8255,0,0,0
8553,W. Reid,30,6,0,0.7672,-0.7672,0,0,0
8516,P. Bardsley,33,2,0,0.0418,-0.0418,0,0,0
8501,J. Schlupp,26,14,0,1.4033,-1.4033,0,0,0
14938,M. Arnold,24,24,0,1.0646,-1.0646,0,0,0
14988,O. Sorg,28,6,0,0.5188,-0.5188,0,0,0
14997,J. Schmid,28,20,0,1.3514,-1.3514,0,0,0
20495,M. Gobbi,38,6,0,0.3562,-0.3562,0,0,0
20465,S. Lichtsteiner,34,3,0,0.0556,-0.0556,0,0,0
20461,G. Chiellini,34,10,0,1.3873,-1.3873,0,0,0
20458,A. Barzagli,37,1,0,0.0519,-0.0519,0,0,0
20450,Bojan,28,6,0,0.7342,-0.7342,0,0,0
20446,V. Verre,24,4,0,0.1071,-0.1071,0,0,0
20436,Jos\u00e9 \u00c1ngel,29,11,0,0.3688,-0.3688,0,0,0
20434,A. Rosi,31,11,0,0.6019,-0.6019,0,0,0
20429,N. Burdisso,37,10,0,1.3018,-1.3018,0,0,0
20420,Z. Ibrahimovi\u0107,37,4,0,0.2724,-0.2724,0,0,0
20410,S. Muntari,34,4,0,0.2551,-0.2551,0,0,0
20406,M. Flamini,34,1,0,0.0854,-0.0854,0,0,0
20403,S. Calvano,25,3,0,0.2213,-0.2213,0,0,0
20401,A. Aquilani,34,11,0,0.7064,-0.7064,0,0,0
20393,D. Bonera,37,1,0,0.1669,-0.1669,0,0,0
19525,A. Schwolow,26,1,0,0.1635,-0.1635,0,0,0
20470,C. Marchisio,32,12,0,0.3118,-0.3118,0,0,0
20506,R. Palladino,34,4,0,0.6024,-0.6024,0,0,0
18670,L. K\u00fcbler,26,4,0,0.1385,-0.1385,0,0,0
20517,Y. Nagatomo,32,4,0,0.1671,-0.1671,0,0,0
20723,B. Salamon,27,10,0,1.7146,-1.7146,0,0,0
20690,S. Ta\u00efder,26,4,0,0.2444,-0.2444,0,0,0
20638,D. Dainelli,39,3,0,0.8581,-0.8581,0,0,0
20636,M. Andreolli,32,3,0,0.4363,-0.4363,0,0,0
20635,F. Acerbi,30,12,0,1.5052,-1.5052,0,0,0
20623,R. Soriano,27,20,0,2.1010,-2.1010,0,0,0
20609,A. Costa,32,6,0,0.8368,-0.8368,0,0,0
20591,G. Fernandes,32,1,0,0.0991,-0.0991,0,0,0
20588,K. Asamoah,30,7,0,0.3963,-0.3963,0,0,0
20575,D. Basta,34,9,0,0.4841,-0.4841,0,0,0
20556,A. Candreva,31,70,0,3.7560,-3.7560,0,0,0
20550,\u015e. Radu,32,9,0,0.5483,-0.5483,0,0,0
20531,W. Sneijder,34,15,0,0.5838,-0.5838,0,0,0
20526,L. Crisetig,25,1,0,0.0244,-0.0244,0,0,0
20518,Juan Jesus,27,2,0,0.4052,-0.4052,0,0,0
18974,J. Brooks,25,2,0,0.3315,-0.3315,0,0,0
18591,J. Hofmann,26,19,0,1.8861,-1.8861,0,0,0
14998,J. Schuster,33,5,0,0.1721,-0.1721,0,0,0
15256,P. Schwegler,31,9,0,0.3997,-0.3997,0,0,0
15225,S. Maier,25,6,0,0.1956,-0.1956,0,0,0
15215,C. Schindler,28,9,0,1.6970,-1.6970,0,0,0
15214,A. Rukavina,34,1,0,0.0727,-0.0727,0,0,0
15201,A. Ujah,28,7,0,0.6216,-0.6216,0,0,0
15194,M. Risse,29,13,0,0.5960,-0.5960,0,0,0
15193,E. Polanski,32,4,0,0.2564,-0.2564,0,0,0
15131,M. Frantz,32,10,0,0.9913,-0.9913,0,0,0
15125,M. Plattenhardt,26,7,0,0.2453,-0.2453,0,0,0
15122,D. Maroh,31,3,0,0.1294,-0.1294,0,0,0
15103,F. Lustenberger,30,3,0,0.1377,-0.1377,0,0,0
15039,K. Rausch,28,10,0,0.3107,-0.3107,0,0,0
15019,T. Jantschke,28,1,0,0.0843,-0.0843,0,0,0
15018,P. Herrmann,27,18,0,1.4050,-1.4050,0,0,0
15015,M. Zimmermann,26,1,0,0.0272,-0.0272,0,0,0
15012,H. Nordtveit,28,5,0,0.6142,-0.6142,0,0,0
15253,M. Lehmann,35,11,0,0.2444,-0.2444,0,0,0
15399,D. Brosinski,30,24,0,0.7516,-0.7516,0,0,0
16443,L. Balogun,30,3,0,0.1401,-0.1401,0,0,0
15449,M. Mavraj,32,4,0,0.5349,-0.5349,0,0,0
16436,C. Quaner,27,16,0,1.7249,-1.7249,0,0,0
16010,P. Tschauner,33,1,0,0.0300,-0.0300,0,0,0
15952,E. Bi\u010dak\u010di\u0107,28,1,0,0.0191,-0.0191,0,0,0
15937,D. Demme,27,9,0,0.4189,-0.4189,0,0,0
15823,D. Williams,29,11,0,0.4211,-0.4211,0,0,0
15821,S. Schipplock,30,4,0,0.4346,-0.4346,0,0,0
15812,S. Salihovi\u0107,34,8,0,0.2443,-0.2443,0,0,0
15810,D. Kaiser,30,1,0,0.0781,-0.0781,0,0,0
15782,J. Mor\u00e1vek,29,2,0,0.1153,-0.1153,0,0,0
15777,D. Baier,34,28,0,0.9438,-0.9438,0,0,0
15772,M. Ostrzolek,28,14,0,1.0466,-1.0466,0,0,0
15771,S. Langkamp,30,6,0,0.8491,-0.8491,0,0,0
15695,M. Heller,32,13,0,1.3724,-1.3724,0,0,0
15533,M. Terrazzino,27,20,0,1.5459,-1.5459,0,0,0
15455,J. Geis,25,4,0,0.1535,-0.1535,0,0,0
8221,J. Ward,29,4,0,0.2507,-0.2507,0,0,0
8192,M. Olsson,30,19,0,0.9533,-0.9533,0,0,0
8143,M. Schneiderlin,29,5,0,0.7185,-0.7185,0,0,0
3604,Rub\u00e9n Castro,37,7,0,1.0898,-1.0898,0,0,0
3568,Recio,27,20,0,0.9238,-0.9238,0,0,0
3566,Camacho,28,4,0,0.2984,-0.2984,0,0,0
3562,Sergio S\u00e1nchez,32,1,0,0.0832,-0.0832,0,0,0
3557,Jes\u00fas G\u00e1mez,33,1,0,0.0279,-0.0279,0,0,0
3539,H. P\u00e9rez,29,6,0,0.2395,-0.2395,0,0,0
3538,M. Wakaso,28,9,0,0.4590,-0.4590,0,0,0
3535,J. de Guzm\u00e1n,31,10,0,0.8976,-0.8976,0,0,0
3534,Jaume Costa,30,12,0,0.4284,-0.4284,0,0,0
3531,C. Zapata,32,2,0,0.1702,-0.1702,0,0,0
3526,M. Musacchio,28,3,0,0.7746,-0.7746,0,0,0
3523,F. Lejeune,27,9,0,0.5325,-0.5325,0,0,0
3464,Luna,27,3,0,0.1567,-0.1567,0,0,0
3447,Juanfran,33,3,0,0.0607,-0.0607,0,0,0
3441,Gabi,35,10,0,0.4226,-0.4226,0,0,0
3436,Javi Manquillo,24,1,0,0.0543,-0.0543,0,0,0
3595,Be\u00f1at,31,7,0,0.2474,-0.2474,0,0,0
3644,Bigas,28,3,0,0.2572,-0.2572,0,0,0
3431,Jo\u00e3o Miranda,34,8,0,0.7758,-0.7758,0,0,0
3667,De La Bella,33,4,0,0.2411,-0.2411,0,0,0
3798,D\u00eddac Vil\u00e1,29,10,0,0.3896,-0.3896,0,0,0
3797,V\u00edctor S\u00e1nchez,31,12,0,0.7639,-0.7639,0,0,0
3788,Jordi Amat,26,8,0,0.6937,-0.6937,0,0,0
3779,Bueno,30,5,0,1.2652,-1.2652,0,0,0
3750,Balenziaga,30,3,0,0.4332,-0.4332,0,0,0
3736,F. Zuculini,28,4,0,0.2360,-0.2360,0,0,0
3735,Juankar,28,2,0,0.0405,-0.0405,0,0,0
3719,Roberto,32,1,0,0.1962,-0.1962,0,0,0
3708,Jairo Samperio,25,10,0,1.0956,-1.0956,0,0,0
3704,P. Diop,32,12,0,0.9368,-0.9368,0,0,0
3695,\u00c1lvaro Gonz\u00e1lez,28,13,0,1.8101,-1.8101,0,0,0
3692,Bernardo Espinosa,29,17,0,2.2285,-2.2285,0,0,0
3681,Agirretxe,31,5,0,0.9867,-0.9867,0,0,0
3680,Zurutuza,32,12,0,1.2365,-1.2365,0,0,0
3677,Rub\u00e9n Pardo,26,1,0,0.0164,-0.0164,0,0,0
3433,D. God\u00edn,32,12,0,1.6721,-1.6721,0,0,0
3414,Iturraspe,29,7,0,0.3620,-0.3620,0,0,0
3827,Hugo Mallo,27,22,0,1.8640,-1.8640,0,0,0
1722,V. Fischer,24,6,0,0.3573,-0.3573,0,0,0
466,D. Pr\u00f6pper,27,35,0,2.5094,-2.5094,0,0,0
370,V. van Dijk,27,23,0,2.7998,-2.7998,0,0,0
340,Cuco Martina,29,3,0,0.1827,-0.1827,0,0,0
261,N. Chadli,29,2,0,0.0993,-0.0993,0,0,0
174,F. \u0110uri\u010di\u0107,26,13,0,0.7938,-0.7938,0,0,0
159,J. Gouweleeuw,27,14,0,1.8584,-1.8584,0,0,0
134,B. Martins Indi,26,3,0,1.0306,-1.0306,0,0,0
132,T. Kongolo,24,3,0,0.4803,-0.4803,0,0,0
123,O. Toivonen,32,17,0,2.7720,-2.7720,0,0,0
110,J. Willems,24,17,0,1.2523,-1.2523,0,0,0
107,E. Pieters,30,3,0,0.1427,-0.1427,0,0,0
66,K. Sig\u00fe\u00f3rsson,28,1,0,0.0774,-0.0774,0,0,0
56,D. Klaassen,25,1,0,0.0231,-0.0231,0,0,0
48,J. Vertonghen,31,23,0,1.3179,-1.3179,0,0,0
45,G. van der Wiel,30,1,0,0.0192,-0.0192,0,0,0
786,R. Maz\u00e1\u0148,24,1,0,0.0268,-0.0268,0,0,0
1729,R. Bazoer,22,7,0,0.3199,-0.3199,0,0,0
3413,Ander Herrera,29,12,0,0.5488,-0.5488,0,0,0
1751,O. Tannane,24,19,0,2.1709,-2.1709,0,0,0
3408,Saborit,26,7,0,0.3636,-0.3636,0,0,0
3407,Ramalho,25,7,0,1.2087,-1.2087,0,0,0
3394,Bruno Gama,31,1,0,0.0344,-0.0344,0,0,0
3384,A. Guardado,32,26,0,1.5286,-1.5286,0,0,0
3340,Muniesa,26,3,0,0.3271,-0.3271,0,0,0
3339,Montoya,27,8,0,0.2404,-0.2404,0,0,0
3337,Font\u00e0s,29,1,0,0.0456,-0.0456,0,0,0
3325,Juanfran,30,22,0,1.2062,-1.2062,0,0,0
3317,Granero,31,8,0,0.2478,-0.2478,0,0,0
3309,R. Varane,25,7,0,0.9341,-0.9341,0,0,0
3286,Dani Parejo,29,16,0,0.9820,-0.9820,0,0,0
3281,Juan Bernat,25,5,0,0.4919,-0.4919,0,0,0
3280,\u00c9. Banega,30,30,0,1.1046,-1.1046,0,0,0
3278,Bruno Saltor,38,2,0,0.2623,-0.2623,0,0,0
3270,Barrag\u00e1n,31,6,0,0.3056,-0.3056,0,0,0
3806,Javi L\u00f3pez,32,3,0,0.2206,-0.2206,0,0,0
3828,Ra\u00fal Navas,30,10,0,0.7852,-0.7852,0,0,0
8142,J. Puncheon,32,8,0,0.7435,-0.7435,0,0,0
7888,N. Chalobah,24,12,0,1.0076,-1.0076,0,0,0
7885,R. Bertrand,29,19,0,1.3735,-1.3735,0,0,0
7860,T. Vermaelen,33,3,0,0.6089,-0.6089,0,0,0
7857,Miquel,26,7,0,0.8866,-0.8866,0,0,0
7853,K. Gibbs,29,8,0,0.3968,-0.3968,0,0,0
6914,\u00c1lex Alegr\u00eda,26,13,0,1.2265,-1.2265,0,0,0
6684,Jony,27,3,0,0.2798,-0.2798,0,0,0
6513,Ra\u00fal Garc\u00eda,29,7,0,0.4329,-0.4329,0,0,0
6292,K. Kodro,25,2,0,0.3249,-0.3249,0,0,0
5911,Sandro,23,33,0,3.3266,-3.3266,0,0,0
5791,Juanpi,24,14,0,0.9716,-0.9716,0,0,0
5677,Bruno,28,3,0,0.2578,-0.2578,0,0,0
5542,Dani Garc\u00eda,28,20,0,0.5870,-0.5870,0,0,0
5472,Luis Hern\u00e1ndez,29,3,0,0.1806,-0.1806,0,0,0
5383,To\u00f1o,29,1,0,0.0272,-0.0272,0,0,0
5290,Mikel Rico,34,13,0,1.0802,-1.0802,0,0,0
7887,G. Cahill,33,8,0,0.3534,-0.3534,0,0,0
7915,P. Evra,37,2,0,0.0943,-0.0943,0,0,0
5195,Omar Ramos,30,10,0,0.6542,-0.6542,0,0,0
7918,P. Jones,26,2,0,0.1868,-0.1868,0,0,0
8140,A. Lallana,30,9,0,0.5151,-0.5151,0,0,0
8135,L. Shaw,23,11,0,0.5116,-0.5116,0,0,0
8126,Jos\u00e9 Fonte,35,5,0,0.3343,-0.3343,0,0,0
8086,D. Stephens,29,19,0,1.7058,-1.7058,0,0,0
8049,Lee Chung-Yong,30,1,0,0.0573,-0.0573,0,0,0
8017,S. Ireland,32,3,0,0.4103,-0.4103,0,0,0
7988,Y. Cabaye,32,33,0,2.0953,-2.0953,0,0,0
7986,M. Abeid,26,18,0,0.7757,-0.7757,0,0,0
7982,D. Santon,27,7,0,0.1484,-0.1484,0,0,0
7978,P. Dummett,27,4,0,0.3590,-0.3590,0,0,0
7961,C. Adam,33,6,0,0.2850,-0.2850,0,0,0
7958,M. Kelly,28,5,0,0.5791,-0.5791,0,0,0
7957,G. Johnson,34,5,0,0.4136,-0.4136,0,0,0
7928,M. Carrick,37,2,0,0.3468,-0.3468,0,0,0
7919,M. Keane,25,12,0,1.0488,-1.0488,0,0,0
5281,A. Nyom,30,3,0,0.0713,-0.0713,0,0,0
4936,David Sim\u00f3n,29,2,0,0.1969,-0.1969,0,0,0
3856,Molinero,33,3,0,0.0790,-0.0790,0,0,0
4343,Dani Pacheco,27,1,0,0.0684,-0.0684,0,0,0
4329,A. Arribas,29,1,0,0.0480,-0.0480,0,0,0
4326,Tito,33,1,0,0.0333,-0.0333,0,0,0
4272,Ximo Navarro,28,3,0,0.1765,-0.1765,0,0,0
4238,M\u00edchel,28,6,0,0.3420,-0.3420,0,0,0
4094,Ander Capa,26,6,0,0.3322,-0.3322,0,0,0
4065,J. Murillo,26,2,0,0.2084,-0.2084,0,0,0
4014,Pedro Le\u00f3n,32,19,0,0.7833,-0.7833,0,0,0
4013,Rub\u00e9n P\u00e9rez,29,16,0,0.3509,-0.3509,0,0,0
4009,M. Lacen,34,7,0,0.4297,-0.4297,0,0,0
4003,Miguel Torres,32,2,0,0.2044,-0.2044,0,0,0
3974,D. Su\u00e1rez,30,7,0,0.3227,-0.3227,0,0,0
3920,Pedro L\u00f3pez,35,3,0,0.0982,-0.0982,0,0,0
3919,Iv\u00e1n L\u00f3pez,25,1,0,0.0144,-0.0144,0,0,0
3885,L. Cabrera,27,4,0,0.5796,-0.5796,0,0,0
3866,M. Iturra,34,2,0,0.3098,-0.3098,0,0,0
4332,Javi Fuego,34,6,0,0.6455,-0.6455,0,0,0
4361,Javi Castellano,31,4,0,0.0880,-0.0880,0,0,0
4911,Jozabed,27,17,0,1.4245,-1.4245,0,0,0
4362,Momo,36,7,0,0.9892,-0.9892,0,0,0
4908,Alberto Moreno,26,11,0,0.5328,-0.5328,0,0,0
4892,Jos\u00e9 Gay\u00e1,23,13,0,0.6763,-0.6763,0,0,0
4879,Carles Gil,26,10,0,0.5065,-0.5065,0,0,0
4805,Arbilla,31,7,0,0.2683,-0.2683,0,0,0
4792,Patric,25,2,0,0.1559,-0.1559,0,0,0
4789,Carles Planas,27,1,0,0.1062,-0.1062,0,0,0
4786,Iv\u00e1n Balliu,26,5,0,0.2688,-0.2688,0,0,0
4780,David Junc\u00e0,25,4,0,0.0690,-0.0690,0,0,0
4593,Sergio Mora,39,6,0,0.2883,-0.2883,0,0,0
4511,Pedro Mosquera,30,10,0,1.1602,-1.1602,0,0,0
4501,Daniel Carvajal,26,14,0,0.8539,-0.8539,0,0,0
4371,Dani Castellano,31,4,0,0.1119,-0.1119,0,0,0
4366,Hern\u00e1n,28,4,0,0.2933,-0.2933,0,0,0
4365,Roque Mesa,29,9,0,0.2048,-0.2048,0,0,0
4363,Vicente G\u00f3mez,30,12,0,1.2078,-1.2078,0,0,0
20748,N. Tomovi\u0107,31,10,0,1.1431,-1.1431,0,0,0
20803,M. Aguirregaray,29,6,0,0.2654,-0.2654,0,0,0
207061,A. Sahibeddine,24,2,0,0.1406,-0.1406,0,0,0
65207,R. Zulj,26,5,0,0.5600,-0.5600,0,0,0
70092,S. Defour,30,15,0,0.4662,-0.4662,0,0,0
70085,E. Mangala,27,2,0,0.3464,-0.3464,0,0,0
69658,P. Brlek,24,3,0,0.3255,-0.3255,0,0,0
69409,\u0160. Vrsaljko,26,3,0,0.3175,-0.3175,0,0,0
69404,M. Kova\u010di\u0107,24,8,0,0.3062,-0.3062,0,0,0
66654,K. Onisiwo,26,2,0,0.1717,-0.1717,0,0,0
65254,K. Wimmer,26,1,0,0.0931,-0.0931,0,0,0
65075,M. Hinteregger,26,23,0,1.9438,-1.9438,0,0,0
20808,E. Mu\u00f1oz,28,3,0,0.2748,-0.2748,0,0,0
65027,S. Ilsanker,29,4,0,0.4344,-0.4344,0,0,0
64966,M. Suttner,31,2,0,0.0247,-0.0247,0,0,0
62091,J. Murphy,29,1,0,0.0831,-0.0831,0,0,0
61979,K. Bartley,27,2,0,0.3500,-0.3500,0,0,0
61961,B. Kayal,30,4,0,0.4968,-0.4968,0,0,0
58978,G. Cameron,33,3,0,0.2832,-0.2832,0,0,0
55979,M. J\u00f8rgensen,28,10,0,1.2774,-1.2774,0,0,0
70093,Jo\u00e3o Moutinho,32,16,0,0.8775,-0.8775,0,0,0
70112,E. Garay,32,6,0,0.6226,-0.6226,0,0,0
70121,N. Gait\u00e1n,30,6,0,0.3585,-0.3585,0,0,0
70139,E. Ins\u00faa,29,9,0,0.3956,-0.3956,0,0,0
86183,F. Roncaglia,31,4,0,0.5453,-0.5453,0,0,0
85113,A. To\u0219ca,26,4,0,0.3176,-0.3176,0,0,0
83575,V. Chiriche\u0219,29,3,0,0.2501,-0.2501,0,0,0
82518,V. Darida,28,24,0,1.4140,-1.4140,0,0,0
82266,L. Krej\u010d\u00ed,26,3,0,0.2109,-0.2109,0,0,0
77557,W. Routledge,33,5,0,0.3444,-0.3444,0,0,0
77552,N. Dyer,31,10,0,1.1382,-1.1382,0,0,0
71703,V. Lindel\u00f6f,24,1,0,0.0188,-0.0188,0,0,0
70981,Mar\u00e7al,29,1,0,0.0187,-0.0187,0,0,0
70956,R\u00faben Semedo,24,1,0,0.0956,-0.0956,0,0,0
70711,Mexer,30,3,0,0.2706,-0.2706,0,0,0
70507,Paulo Oliveira,27,10,0,1.3477,-1.3477,0,0,0
70403,Adrien Silva,29,9,0,0.2007,-0.2007,0,0,0
70389,C\u00e9dric Soares,27,24,0,1.0114,-1.0114,0,0,0
70140,Daniel Carri\u00e7o,30,1,0,0.2125,-0.2125,0,0,0
55224,A. S\u00f8rloth,23,6,0,0.5934,-0.5934,0,0,0
54819,A. S\u00f8derlund,31,6,0,0.6490,-0.6490,0,0,0
54579,R. Jarstein,34,1,0,0.3327,-0.3327,0,0,0
49873,V. Stocker,29,3,0,0.1327,-0.1327,0,0,0
49857,A. Ajeti,25,6,0,0.4135,-0.4135,0,0,0
49856,D. Abraham,32,6,0,0.4413,-0.4413,0,0,0
45579,Everton Luiz,30,1,0,0.0400,-0.0400,0,0,0
44251,Bruno Peres,28,6,0,0.2786,-0.2786,0,0,0
41363,Gabriel,28,13,0,1.3405,-1.3405,0,0,0
41127,Pablo,27,5,0,0.9186,-0.9186,0,0,0
41124,Naldo,30,1,0,0.0710,-0.0710,0,0,0
40787,Emerson,24,2,0,0.1667,-0.1667,0,0,0
40657,Wendell,25,9,0,0.2971,-0.2971,0,0,0
40614,Guilherme,27,37,0,2.2554,-2.2554,0,0,0
40539,Marquinhos,24,11,0,0.9062,-0.9062,0,0,0
40538,Leandro Cast\u00e1n,32,1,0,0.1416,-0.1416,0,0,0
38532,E. Zukanovi\u0107,31,16,0,1.4237,-1.4237,0,0,0
38236,J. Delaplace,32,8,0,0.3323,-0.3323,0,0,0
38094,I. Ezekiel,25,6,0,0.8849,-0.8849,0,0,0
49859,A. Dragovi\u0107,27,1,0,0.0800,-0.0800,0,0,0
49907,R. Bobadilla,31,14,0,1.8449,-1.8449,0,0,0
54380,O. Seln\u00e6s,24,13,0,0.6857,-0.6857,0,0,0
49919,F. Moubandje,28,3,0,0.0887,-0.0887,0,0,0
54313,S. Ciss,29,1,0,0.0197,-0.0197,0,0,0
51689,B. Hrgota,25,2,0,0.2793,-0.2793,0,0,0
51145,O. Hiljemark,26,10,0,0.5988,-0.5988,0,0,0
51064,E. Krafth,24,2,0,0.1630,-0.1630,0,0,0
50812,J. Durmaz,29,9,0,0.5060,-0.5060,0,0,0
50805,F. Helander,25,2,0,0.4223,-0.4223,0,0,0
50800,Miiko Albornoz,28,4,0,0.4253,-0.4253,0,0,0
50461,A. Sadiku,27,3,0,0.0932,-0.0932,0,0,0
50272,O. Kayode,25,8,0,0.7255,-0.7255,0,0,0
50073,A. Ioni\u0163\u0103,28,22,0,1.9752,-1.9752,0,0,0
50007,B. Djimsiti,25,9,0,1.6734,-1.6734,0,0,0
49992,I. Hajrovi\u0107,27,6,0,0.2588,-0.2588,0,0,0
49982,A. Abrashi,28,5,0,0.4397,-0.4397,0,0,0
49979,D. Pavlovic,30,2,0,0.0435,-0.0435,0,0,0
49971,M. Bauer,26,3,0,0.2317,-0.2317,0,0,0
86200,S. Ara\u00fajo,26,2,0,0.2641,-0.2641,0,0,0
86220,G. Mercado,31,14,0,1.4237,-1.4237,0,0,0
86308,C. Yacob,31,6,0,0.8378,-0.8378,0,0,0
145787,J. Andersen,22,3,0,0.2542,-0.2542,0,0,0
144867,K. Malcuit,27,10,0,0.4697,-0.4697,0,0,0
144766,N. Bentaleb,24,11,0,0.4910,-0.4910,0,0,0
140125,N. Radoja,25,4,0,0.9134,-0.9134,0,0,0
138577,C. Philipps,24,4,0,0.3197,-0.3197,0,0,0
137048,S. Simi\u010d,23,2,0,0.4457,-0.4457,0,0,0
135937,Caf\u00fa,25,5,0,0.5465,-0.5465,0,0,0
135903,Jo\u00e3o Cancelo,24,15,0,0.9517,-0.9517,0,0,0
135901,Pedro Rebocho,23,3,0,0.0877,-0.0877,0,0,0
135114,P. H\u00f8jbjerg,23,16,0,0.7143,-0.7143,0,0,0
135113,A. Hjulsager,23,1,0,0.0192,-0.0192,0,0,0
135103,A. Christensen,22,10,0,1.2914,-1.2914,0,0,0
134951,L. Lacroix,26,8,0,1.2690,-1.2690,0,0,0
134542,N. Mendy,26,1,0,0.0264,-0.0264,0,0,0
134502,A. Laporte,24,7,0,0.5823,-0.5823,0,0,0
134420,F. Costa,23,6,0,0.3295,-0.3295,0,0,0
145030,C. Stanko,25,1,0,0.0292,-0.0292,0,0,0
146569,M. Kempf,23,6,0,0.7017,-0.7017,0,0,0
134392,K. Akpoguma,23,4,0,0.2397,-0.2397,0,0,0
146590,F. Mattiello,23,17,0,1.2609,-1.2609,0,0,0
207002,B. Fern\u00e1ndez,24,4,0,0.2821,-0.2821,0,0,0
206318,D. Biraschi,24,6,0,0.4293,-0.4293,0,0,0
192748,M. James,27,8,0,0.7515,-0.7515,0,0,0
190167,L. Spinazzola,25,9,0,1.2433,-1.2433,0,0,0
173213,M. Stendera,23,8,0,0.6188,-0.6188,0,0,0
171283,C. Chambers,23,9,0,1.2755,-1.2755,0,0,0
170738,S. V\u00e4is\u00e4nen,24,2,0,0.2869,-0.2869,0,0,0
167641,S. Lobotka,24,8,0,0.3308,-0.3308,0,0,0
167119,Sabin Merino,26,7,0,1.4207,-1.4207,0,0,0
167117,Ager Aketxe,25,2,0,0.1050,-0.1050,0,0,0
167104,Eloi Amagat,33,1,0,0.0941,-0.0941,0,0,0
149848,F. Avenatti,25,2,0,0.1496,-0.1496,0,0,0
149091,M. Tisserand,25,6,0,0.2776,-0.2776,0,0,0
149062,T. Dingom\u00e9,27,5,0,0.2409,-0.2409,0,0,0
149019,D. Simpson,31,3,0,0.3239,-0.3239,0,0,0
134419,A. Conti,24,1,0,0.1097,-0.1097,0,0,0
134369,M. Meyer,23,7,0,0.2199,-0.2199,0,0,0
86325,Ramiro Funes Mori,27,1,0,0.1503,-0.1503,0,0,0
99423,A. Tonev,28,10,0,0.5261,-0.5261,0,0,0
97555,T. Tawatha,26,3,0,0.1997,-0.1997,0,0,0
94695,H. Sakai,28,3,0,0.1460,-0.1460,0,0,0
93000,Antunes,31,18,0,0.4761,-0.4761,0,0,0
92947,K. Stafylidis,25,5,0,0.0963,-0.0963,0,0,0
92922,K. Mirallas,31,4,0,0.2927,-0.2927,0,0,0
92908,V. Torosidis,33,2,0,0.0407,-0.0407,0,0,0
92900,C. Lykogiannis,25,2,0,0.0449,-0.0449,0,0,0
92899,J. Holebas,34,15,0,0.4189,-0.4189,0,0,0
91702,J. Mojica,26,19,0,0.9371,-0.9371,0,0,0
91519,J. C\u00f3rdoba,25,29,0,4.0898,-4.0898,0,0,0
91122,J. Narv\u00e1ez,23,3,0,0.0756,-0.0756,0,0,0
91064,D. Torres,29,3,0,0.1157,-0.1157,0,0,0
86716,M. Dos Santos,29,1,0,0.1121,-0.1121,0,0,0
86623,A. Fern\u00e1ndez,32,1,0,0.0234,-0.0234,0,0,0
86486,G. Poblete,25,3,0,0.1533,-0.1533,0,0,0
99410,M. Kami\u0144ski,26,4,0,0.4353,-0.4353,0,0,0
99437,P. Olkowski,28,3,0,0.2450,-0.2450,0,0,0
134351,B. Afobe,25,7,0,1.6878,-1.6878,0,0,0
99833,B. Bereszy\u0144ski,26,5,0,0.1579,-0.1579,0,0,0
131184,Ali Adnan,25,6,0,0.2432,-0.2432,0,0,0
127719,A. Katai,27,1,0,0.0197,-0.0197,0,0,0
127685,M. Joji\u0107,26,32,0,1.6691,-1.6691,0,0,0
127534,D. Lazovi\u0107,28,9,0,0.6970,-0.6970,0,0,0
125250,\u00d3. Duarte,29,5,0,1.2784,-1.2784,0,0,0
125076,A. Oyongo,27,1,0,0.0109,-0.0109,0,0,0
120339,Mohamed Elneny,26,8,0,0.4598,-0.4598,0,0,0
116345,F. P\u00edriz,28,9,0,0.6554,-0.6554,0,0,0
116225,M. Olivera,26,3,0,0.1294,-0.1294,0,0,0
116170,S. Crist\u00f3foro,25,1,0,0.0197,-0.0197,0,0,0
114055,\u00d3scar Romero,26,4,0,0.0966,-0.0966,0,0,0
112377,O. Vizcarrondo,34,5,0,0.6180,-0.6180,0,0,0
101795,L. Traor\u00e9,28,7,0,1.1403,-1.1403,0,0,0
101652,M. Rojo,28,7,0,0.3809,-0.3809,0,0,0
101649,N. Pareja,34,1,0,0.1029,-0.1029,0,0,0
38082,Felipe,31,1,0,0.2074,-0.2074,0,0,0
38079,D. Opare,28,5,0,0.1117,-0.1117,0,0,0
38015,S. Peeters,26,13,0,1.1548,-1.1548,0,0,0
25403,J. Ferri,26,7,0,0.6336,-0.6336,0,0,0
24024,F. Zampano,25,2,0,0.1426,-0.1426,0,0,0
23427,M. Fossati,26,10,0,0.2858,-0.2858,0,0,0
23149,G. Defrel,27,13,0,1.6639,-1.6639,0,0,0
22864,L. Mora,30,5,0,0.1327,-0.1327,0,0,0
22732,F. Pisacane,32,3,0,0.2639,-0.2639,0,0,0
22699,A. Ragusa,28,22,0,2.6645,-2.6645,0,0,0
22686,F. Ceravolo,31,2,0,0.3712,-0.3712,0,0,0
22677,G. Angella,29,4,0,0.7226,-0.7226,0,0,0
22614,F. Lucioni,31,6,0,0.7642,-0.7642,0,0,0
22559,F. Migliore,30,1,0,0.0125,-0.0125,0,0,0
22383,A. Duncan,25,34,0,1.8312,-1.8312,0,0,0
22323,L. Memushaj,32,17,0,0.9589,-0.9589,0,0,0
22313,V. Laurini,29,1,0,0.0281,-0.0281,0,0,0
22162,F. Magnanelli,34,10,0,0.4398,-0.4398,0,0,0
22158,I. Cofie,27,5,0,0.2934,-0.2934,0,0,0
25399,M. Zeffane,26,14,0,0.3326,-0.3326,0,0,0
25405,M. Gonalons,29,13,0,1.1674,-1.1674,0,0,0
22099,M. B\u00fcchel,27,9,0,0.2043,-0.2043,0,0,0
25415,J. Pied,29,2,0,0.0417,-0.0417,0,0,0
25616,C. Ben Saada,34,8,0,0.2444,-0.2444,0,0,0
25598,G. Sertic,29,6,0,1.1509,-1.1509,0,0,0
25596,J. Pla\u0161il,36,7,0,0.1868,-0.1868,0,0,0
25562,M. Amalfitano,33,10,0,1.4219,-1.4219,0,0,0
25557,J. Morel,34,1,0,0.0573,-0.0573,0,0,0
25537,G. Krychowiak,28,16,0,0.9082,-0.9082,0,0,0
25534,I. Cissokho,33,3,0,0.1229,-0.1229,0,0,0
25532,V. Bessat,33,15,0,0.5773,-0.5773,0,0,0
25526,J. Martins-Pereira,32,6,0,0.2861,-0.2861,0,0,0
25524,P. Djilobodji,30,15,0,1.3098,-1.3098,0,0,0
25523,K. Djidji,26,9,0,0.6289,-0.6289,0,0,0
25503,G. Mandjeck,30,8,0,0.4634,-0.4634,0,0,0
25452,S. Corchia,28,4,0,0.4847,-0.4847,0,0,0
25427,C. Jallet,35,5,0,0.2733,-0.2733,0,0,0
25423,M. Bi\u0161evac,35,5,0,0.5530,-0.5530,0,0,0
22152,M. Gazzola,33,1,0,0.0158,-0.0158,0,0,0
21959,N. Giannetti,27,5,0,0.6667,-0.6667,0,0,0
25643,K. Th\u00e9ophile Catherine,29,4,0,0.8668,-0.8668,0,0,0
21119,R. Meggiorini,33,8,0,0.8731,-0.8731,0,0,0
21078,M. Izco,35,1,0,0.0474,-0.0474,0,0,0
21072,N. Spolli,35,6,0,0.8158,-0.8158,0,0,0
21025,R. Saponara,27,22,0,1.5633,-1.5633,0,0,0
21019,M. Valdifiori,32,2,0,0.0450,-0.0450,0,0,0
21004,V. Regini,28,1,0,0.0565,-0.0565,0,0,0
21001,E. Hysaj,24,11,0,0.5725,-0.5725,0,0,0
20949,Ryder Matos,25,16,0,1.2538,-1.2538,0,0,0
20932,M. Nastasi\u0107,25,5,0,0.7402,-0.7402,0,0,0
20929,A. Gamberini,37,3,0,0.9622,-0.9622,0,0,0
20922,Neto,29,1,0,0.2673,-0.2673,0,0,0
20876,A. Ekdal,29,6,0,0.6349,-0.6349,0,0,0
20875,D. Dessena,31,3,0,0.1507,-0.1507,0,0,0
20874,A. Cossu,38,2,0,0.0922,-0.0922,0,0,0
20869,N. Murru,24,4,0,0.0646,-0.0646,0,0,0
20855,E. Schelotto,29,7,0,0.5739,-0.5739,0,0,0
21095,M. Darmian,29,2,0,0.0474,-0.0474,0,0,0
21148,N. Rigoni,28,11,0,0.4726,-0.4726,0,0,0
21894,Keko,27,19,0,1.4345,-1.4345,0,0,0
21162,P. Cannavaro,37,5,0,0.2325,-0.2325,0,0,0
21872,L. Antei,26,2,0,0.1116,-0.1116,0,0,0
21730,M. Rigione,27,1,0,0.1232,-0.1232,0,0,0
21678,L. Del Pinto,28,6,0,0.3053,-0.3053,0,0,0
21578,G. Di Chiara,25,6,0,0.1277,-0.1277,0,0,0
21517,E. Schiavon,35,1,0,0.0216,-0.0216,0,0,0
21469,G. Donati,28,11,0,0.3983,-0.3983,0,0,0
21383,M. Verratti,26,7,0,0.4054,-0.4054,0,0,0
21370,M. Capuano,27,4,0,0.4317,-0.4317,0,0,0
21333,Y. Benalouane,31,2,0,0.0584,-0.0584,0,0,0
21314,E. Hallfre\u00f0sson,34,2,0,0.0433,-0.0433,0,0,0
21290,S. Sturaro,25,5,0,0.2400,-0.2400,0,0,0
21288,Miguel Veloso,32,23,0,0.5728,-0.5728,0,0,0
21280,M. Sampirisi,26,5,0,0.3036,-0.3036,0,0,0
21279,E. Moretti,37,4,0,0.8919,-0.8919,0,0,0
21173,C. Maggio,36,1,0,0.0506,-0.0506,0,0,0
25638,D. Foulquier,25,2,0,0.0717,-0.0717,0,0,0
25647,J. F\u00e9ret,36,25,0,1.0481,-1.0481,0,0,0
37959,N. Dussenne,26,1,0,0.0641,-0.0641,0,0,0
28314,C. H\u00e9relle,26,10,0,2.4713,-2.4713,0,0,0
28232,I. Amadou,25,14,0,1.1702,-1.1702,0,0,0
28230,A. Tameze,24,7,0,0.3513,-0.3513,0,0,0
27959,T. Tour\u00e9,25,7,0,0.2626,-0.2626,0,0,0
27958,T. Pellenard,24,1,0,0.0137,-0.0137,0,0,0
26945,M. Poundj\u00e9,26,15,0,0.5282,-0.5282,0,0,0
26665,K. B\u00e9rigaud,30,4,0,0.6840,-0.6840,0,0,0
26633,A. Souquet,26,6,0,0.4023,-0.4023,0,0,0
26547,B. Ketkeophomphone,28,7,0,0.2098,-0.2098,0,0,0
26528,R. Genevois,31,4,0,0.5360,-0.5360,0,0,0
26499,A. Masuaku,25,11,0,0.3235,-0.3235,0,0,0
26498,K. Lala,27,11,0,0.3454,-0.3454,0,0,0
26495,G. Bong,30,4,0,0.0873,-0.0873,0,0,0
26433,J. Cordoval,28,1,0,0.0188,-0.0188,0,0,0
26381,B. Corgnet,31,24,0,1.8565,-1.8565,0,0,0
26373,S. Souprayen,29,5,0,0.2171,-0.2171,0,0,0
28251,D. Alcibiade,27,2,0,0.0777,-0.0777,0,0,0
28335,R. Aguilar,25,13,0,0.7658,-0.7658,0,0,0
38,D. Blind,28,3,0,0.1511,-0.1511,0,0,0
28364,M. Tahrat,28,5,0,0.1868,-0.1868,0,0,0
37836,M. Lestienne,26,9,0,1.0347,-1.0347,0,0,0
37796,D. Mili\u010devi\u0107,32,7,0,0.9887,-0.9887,0,0,0
37714,Y. El Ghanassy,28,13,0,0.7146,-0.7146,0,0,0
32959,P. Pekar\u00edk,32,9,0,0.6202,-0.6202,0,0,0
32601,Beb\u00e9,28,6,0,0.1929,-0.1929,0,0,0
29843,A. Bouka Moutou,30,2,0,0.0280,-0.0280,0,0,0
29748,F. Chafik,32,5,0,0.1362,-0.1362,0,0,0
29642,G. Pe\u00f1alba,34,5,0,0.1116,-0.1116,0,0,0
29616,P. Martinez,29,15,0,1.6307,-1.6307,0,0,0
29590,E. Bourgaud,31,8,0,0.3474,-0.3474,0,0,0
29291,J. Giraudon,26,3,0,0.6013,-0.6013,0,0,0
28965,O. Nguette,24,23,0,1.8599,-1.8599,0,0,0
28948,G. Fofana,26,5,0,0.1581,-0.1581,0,0,0
28529,Y. Sabaly,25,10,0,0.4535,-0.4535,0,0,0
28528,J. Ikoko,24,10,0,0.8886,-0.8886,0,0,0
26368,A. Bamba,28,4,0,0.0942,-0.0942,0,0,0
26311,R. Amalfitano,29,12,0,0.2880,-0.2880,0,0,0
25649,Y. M'Vila,28,4,0,0.1856,-0.1856,0,0,0
25938,C. Charrier,32,2,0,0.2609,-0.2609,0,0,0
25919,J. Palmieri,31,3,0,0.2273,-0.2273,0,0,0
25883,J. Sorbon,35,5,0,1.2800,-1.2800,0,0,0
25871,Y. Ravet,29,13,0,0.7589,-0.7589,0,0,0
25864,L. Perrin,33,12,0,2.0243,-2.0243,0,0,0
25859,I. Diomand\u00e9,26,3,0,0.0657,-0.0657,0,0,0
25846,Y. Andreu,29,4,0,0.1107,-0.1107,0,0,0
25835,F. Sammaritano,32,29,0,2.9288,-2.9288,0,0,0
25805,F. Tabanou,29,2,0,0.1407,-0.1407,0,0,0
25791,S. Yago,26,1,0,0.0443,-0.0443,0,0,0
25789,C. M'Bengue,30,1,0,0.0293,-0.0293,0,0,0
25784,A. Abdennour,29,2,0,0.1798,-0.1798,0,0,0
25764,Y. Cahuzac,33,3,0,0.2274,-0.2274,0,0,0
25743,B. Sarr,26,15,0,1.0436,-1.0436,0,0,0
25710,A. Soumaoro,26,1,0,0.0774,-0.0774,0,0,0
25701,L. Digne,25,2,0,0.1122,-0.1122,0,0,0
25937,F. Bellugou,31,1,0,0.0192,-0.0192,0,0,0
25947,B. Sankoh,26,3,0,0.1075,-0.1075,0,0,0
26285,A. Gon\u00e7alves,32,16,0,0.7666,-0.7666,0,0,0
25957,K. Ad\u00e9non,33,4,0,0.8030,-0.8030,0,0,0
26276,N. Pallois,31,9,0,0.6998,-0.6998,0,0,0
26265,V. Manceau,29,16,0,0.6518,-0.6518,0,0,0
26138,J. Rivierez,29,8,0,0.2238,-0.2238,0,0,0
26136,B. Mendy,24,7,0,0.1797,-0.1797,0,0,0
26135,M. Le Marchand,29,9,0,0.6563,-0.6563,0,0,0
26134,P. Gouano,25,6,0,0.6906,-0.6906,0,0,0
26093,M. Le Bihan,28,1,0,0.1213,-0.1213,0,0,0
26084,L. Carole,27,3,0,0.1967,-0.1967,0,0,0
26069,H. Bazile,28,16,0,1.1723,-1.1723,0,0,0
26068,L. Puyo,30,1,0,0.0220,-0.0220,0,0,0
26055,J. Ielsch,35,6,0,0.6230,-0.6230,0,0,0
26033,Y. Jouffre,34,1,0,0.0537,-0.0537,0,0,0
26024,W. Lautoa,31,1,0,0.1770,-0.1770,0,0,0
25993,Hilton,41,18,0,1.9502,-1.9502,0,0,0
25990,M. Deplagne,27,6,0,0.4028,-0.4028,0,0,0
564512,S. Sanogo,17,1,0,0.0825,-0.0825,0,0,0
